original_name,matched_ipeds_name,unitid,match_score,status,total_cs_phds_last5yrs,cip_codes_found,source_note,rename_pattern,web_resolve_chain
A. T. Still University,A T Still University of Health Sciences,177834,94.7,NO_PHD_PROGRAM,0,,IPEDS unitid=177834: No doctoral CS completions in any CS-family CIP code (2020-2024),,
Abilene Christian University,Abilene Christian University,222178,100.0,NO_PHD_PROGRAM,0,,IPEDS unitid=222178: No doctoral CS completions in any CS-family CIP code (2020-2024),,
Abraham Baldwin Agricultural College,Abraham Baldwin Agricultural College,138558,100.0,NO_PHD_PROGRAM,0,,IPEDS unitid=138558: No doctoral CS completions in any CS-family CIP code (2020-2024),,
Academy of Art University,Academy of Art University,108232,100.0,NO_PHD_PROGRAM,0,,IPEDS unitid=108232: No doctoral CS completions in any CS-family CIP code (2020-2024),,
Adams State College,Adams State University,126182,100.0,NO_PHD_VIA_RENAME,0,,Renamed match via pattern 'College->University': IPEDS unitid=126182,College->University,
Adelphi University,Adelphi University,188429,100.0,NO_PHD_PROGRAM,0,,IPEDS unitid=188429: No doctoral CS completions in any CS-family CIP code (2020-2024),,
Adrian College,Adrian College,168528,100.0,NO_PHD_PROGRAM,0,,IPEDS unitid=168528: No doctoral CS completions in any CS-family CIP code (2020-2024),,
Agnes Scott College,Agnes Scott College,138600,100.0,NO_PHD_PROGRAM,0,,IPEDS unitid=138600: No doctoral CS completions in any CS-family CIP code (2020-2024),,
Air Force Institute of Technology,Air Force Institute of Technology-Graduate School of Engineering & Management,200697,100.0,CONFIRMED,12,11.0701 (11.0701): 10 PhDs; 14.0901 (14.0901): 2 PhDs,"IPEDS unitid=200697, CIP codes: 11.0701, 14.0901",,
Air University,Lamar University,226091,96.3,NO_PHD_PROGRAM,0,,IPEDS unitid=226091: No doctoral CS completions in any CS-family CIP code (2020-2024),,
Alabama A&M University,Alabama A & M University,100654,95.7,NO_PHD_PROGRAM,0,,IPEDS unitid=100654: No doctoral CS completions in any CS-family CIP code (2020-2024),,
Alabama State University,Alabama State University,100724,100.0,NO_PHD_PROGRAM,0,,IPEDS unitid=100724: No doctoral CS completions in any CS-family CIP code (2020-2024),,
Alaska Bible College,Alaska Bible College,102580,100.0,NO_PHD_PROGRAM,0,,IPEDS unitid=102580: No doctoral CS completions in any CS-family CIP code (2020-2024),,
Alaska Pacific University,Alaska Pacific University,102669,100.0,NO_PHD_PROGRAM,0,,IPEDS unitid=102669: No doctoral CS completions in any CS-family CIP code (2020-2024),,
Albertus Magnus College,Albertus Magnus College,128498,100.0,NO_PHD_PROGRAM,0,,IPEDS unitid=128498: No doctoral CS completions in any CS-family CIP code (2020-2024),,
Albion College,Albion College,168546,100.0,NO_PHD_PROGRAM,0,,IPEDS unitid=168546: No doctoral CS completions in any CS-family CIP code (2020-2024),,
Albright College,Albright College,210571,100.0,NO_PHD_PROGRAM,0,,IPEDS unitid=210571: No doctoral CS completions in any CS-family CIP code (2020-2024),,
Alcorn State University,Alcorn State University,175342,100.0,NO_PHD_PROGRAM,0,,IPEDS unitid=175342: No doctoral CS completions in any CS-family CIP code (2020-2024),,
Alderson-Broaddus College,NO MATCH FOUND,,0,NEEDS_REVIEW,0,,No confident match found in IPEDS directory,,
"Alfred State College, State University of New York College of Technology",NO MATCH FOUND,,0,NEEDS_REVIEW,0,,No confident match found in IPEDS directory,,
Alfred University,Alfred University,188641,100.0,NO_PHD_PROGRAM,0,,IPEDS unitid=188641: No doctoral CS completions in any CS-family CIP code (2020-2024),,
Allegheny College,Allegheny College,210669,100.0,NO_PHD_PROGRAM,0,,IPEDS unitid=210669: No doctoral CS completions in any CS-family CIP code (2020-2024),,
Allen College,Allen College,152798,100.0,NO_PHD_PROGRAM,0,,IPEDS unitid=152798: No doctoral CS completions in any CS-family CIP code (2020-2024),,
Allen University,Allen University,217624,100.0,NO_PHD_PROGRAM,0,,IPEDS unitid=217624: No doctoral CS completions in any CS-family CIP code (2020-2024),,
Alliant International University,National University,119605,100.0,NO_PHD_PROGRAM,0,,IPEDS unitid=119605: No doctoral CS completions in any CS-family CIP code (2020-2024),,
Allied University,La Salle University,213367,93.8,NO_PHD_PROGRAM,0,,IPEDS unitid=213367: No doctoral CS completions in any CS-family CIP code (2020-2024),,
Alma College,Alma College,168591,100.0,NO_PHD_PROGRAM,0,,IPEDS unitid=168591: No doctoral CS completions in any CS-family CIP code (2020-2024),,
Alvernia College,Alvernia University,210775,100.0,NO_PHD_VIA_RENAME,0,,Renamed match via pattern 'College->University': IPEDS unitid=210775,College->University,
Alverno College,Alverno College,238193,100.0,NO_PHD_PROGRAM,0,,IPEDS unitid=238193: No doctoral CS completions in any CS-family CIP code (2020-2024),,
Amberton University,Amberton University,222628,100.0,NO_PHD_PROGRAM,0,,IPEDS unitid=222628: No doctoral CS completions in any CS-family CIP code (2020-2024),,
American Academy of Art,American Academy of Art College,142887,100.0,NO_PHD_PROGRAM,0,,IPEDS unitid=142887: No doctoral CS completions in any CS-family CIP code (2020-2024),,
American Bible College and Seminary,Lee College,226204,90.9,NO_PHD_PROGRAM,0,,IPEDS unitid=226204: No doctoral CS completions in any CS-family CIP code (2020-2024),,
American Coastline University,NO MATCH FOUND,,0,NEEDS_REVIEW,0,,No confident match found in IPEDS directory,,
The American College,Ibero American College,486220,100.0,NO_PHD_PROGRAM,0,,IPEDS unitid=486220: No doctoral CS completions in any CS-family CIP code (2020-2024),,
American Global University,Beal University,160995,96.6,NO_PHD_PROGRAM,0,,IPEDS unitid=160995: No doctoral CS completions in any CS-family CIP code (2020-2024),,
American Graduate School of International Management,NO MATCH FOUND,,0,NEEDS_REVIEW,0,,No confident match found in IPEDS directory,,
American Institute for Computer Sciences,American Institute,450562,100.0,NO_PHD_PROGRAM,0,,IPEDS unitid=450562: No doctoral CS completions in any CS-family CIP code (2020-2024),,
American InterContinental University,American InterContinental University-Houston,445133,100.0,NO_PHD_PROGRAM,0,,IPEDS unitid=445133: No doctoral CS completions in any CS-family CIP code (2020-2024),,
American International College,American International College,164447,100.0,NO_PHD_PROGRAM,0,,IPEDS unitid=164447: No doctoral CS completions in any CS-family CIP code (2020-2024),,
American Military University,NO MATCH FOUND,,0,NEEDS_REVIEW,0,,No confident match found in IPEDS directory,,
American Public University,American Public University System,449339,100.0,NO_PHD_PROGRAM,0,,IPEDS unitid=449339: No doctoral CS completions in any CS-family CIP code (2020-2024),,
American University,American University,131159,100.0,NO_PHD_PROGRAM,0,,IPEDS unitid=131159: No doctoral CS completions in any CS-family CIP code (2020-2024),,
American University of Hawaii,American University,131159,100.0,NO_PHD_PROGRAM,0,,IPEDS unitid=131159: No doctoral CS completions in any CS-family CIP code (2020-2024),,
American University of Judasim,American University,131159,100.0,NO_PHD_PROGRAM,0,,IPEDS unitid=131159: No doctoral CS completions in any CS-family CIP code (2020-2024),,
Amherst College,Amherst College,164465,100.0,NO_PHD_PROGRAM,0,,IPEDS unitid=164465: No doctoral CS completions in any CS-family CIP code (2020-2024),,
Anderson College,Anderson University,150066,100.0,NO_PHD_VIA_RENAME,0,,Renamed match via pattern 'College->University': IPEDS unitid=150066,College->University,
Anderson University,Anderson University,150066,100.0,NO_PHD_PROGRAM,0,,IPEDS unitid=150066: No doctoral CS completions in any CS-family CIP code (2020-2024),,
Andrew Jackson University,NO MATCH FOUND,,0,NEEDS_REVIEW,0,,No confident match found in IPEDS directory,,
Andrews University,Andrews University,168740,100.0,NO_PHD_PROGRAM,0,,IPEDS unitid=168740: No doctoral CS completions in any CS-family CIP code (2020-2024),,
Angelo State University,Angelo State University,222831,100.0,NO_PHD_PROGRAM,0,,IPEDS unitid=222831: No doctoral CS completions in any CS-family CIP code (2020-2024),,
Anna Maria College,Anna Maria College,164492,100.0,NO_PHD_PROGRAM,0,,IPEDS unitid=164492: No doctoral CS completions in any CS-family CIP code (2020-2024),,
Antioch College,Antioch College,483018,100.0,NO_PHD_PROGRAM,0,,IPEDS unitid=483018: No doctoral CS completions in any CS-family CIP code (2020-2024),,
Antioch New England Graduate School,NO MATCH FOUND,,0,NEEDS_REVIEW,0,,No confident match found in IPEDS directory,,
Antioch University Los Angeles,Antioch University,245892,100.0,NO_PHD_PROGRAM,0,,IPEDS unitid=245892: No doctoral CS completions in any CS-family CIP code (2020-2024),,
Antioch University Santa Barbara,Antioch University,245892,100.0,NO_PHD_PROGRAM,0,,IPEDS unitid=245892: No doctoral CS completions in any CS-family CIP code (2020-2024),,
Antioch University Seattle,Antioch University,245892,100.0,NO_PHD_PROGRAM,0,,IPEDS unitid=245892: No doctoral CS completions in any CS-family CIP code (2020-2024),,
Antioch University Yellow Springs OH,Antioch University,245892,100.0,NO_PHD_PROGRAM,0,,IPEDS unitid=245892: No doctoral CS completions in any CS-family CIP code (2020-2024),,
Apache University,NO MATCH FOUND,,0,NEEDS_REVIEW,0,,No confident match found in IPEDS directory,,
Appalachian School of Law,Appalachian School of Law,432348,100.0,NO_PHD_PROGRAM,0,,IPEDS unitid=432348: No doctoral CS completions in any CS-family CIP code (2020-2024),,
Appalachian State University,Appalachian State University,197869,100.0,NO_PHD_PROGRAM,0,,IPEDS unitid=197869: No doctoral CS completions in any CS-family CIP code (2020-2024),,
Aquinas College,Aquinas College,219578,100.0,NO_PHD_PROGRAM,0,,IPEDS unitid=219578: No doctoral CS completions in any CS-family CIP code (2020-2024),,
Arcadia University,Arcadia University,211088,100.0,NO_PHD_PROGRAM,0,,IPEDS unitid=211088: No doctoral CS completions in any CS-family CIP code (2020-2024),,
Argosy University,Argosy University-Twin Cities,173984,100.0,NO_PHD_PROGRAM,0,,IPEDS unitid=173984: No doctoral CS completions in any CS-family CIP code (2020-2024),,
Arizona International College,NO MATCH FOUND,,0,NEEDS_REVIEW,0,,No confident match found in IPEDS directory,,
Arizona State University,Arizona State University Campus Immersion,104151,100.0,CONFIRMED,170,11.0701 (11.0701): 111 PhDs; 14.0901 (14.0901): 59 PhDs,"IPEDS unitid=104151, CIP codes: 11.0701, 14.0901",,
Arizona State University West,Arizona State University-West,407009,96.6,NO_PHD_PROGRAM,0,,IPEDS unitid=407009: No doctoral CS completions in any CS-family CIP code (2020-2024),,
Arkansas State University,Arkansas State University,106458,100.0,NO_PHD_PROGRAM,0,,IPEDS unitid=106458: No doctoral CS completions in any CS-family CIP code (2020-2024),,
Arkansas Tech University,Arkansas Tech University,106467,100.0,NO_PHD_PROGRAM,0,,IPEDS unitid=106467: No doctoral CS completions in any CS-family CIP code (2020-2024),,
Arlington Baptist College,Arlington Baptist University,222877,100.0,NO_PHD_VIA_RENAME,0,,Renamed match via pattern 'College->University': IPEDS unitid=222877,College->University,
Armstrong Atlantic State University,Lee University,220613,92.3,NO_PHD_PROGRAM,0,,IPEDS unitid=220613: No doctoral CS completions in any CS-family CIP code (2020-2024),,
Art Center College of Design,Art Center College of Design,109651,100.0,NO_PHD_PROGRAM,0,,IPEDS unitid=109651: No doctoral CS completions in any CS-family CIP code (2020-2024),,
Art Institute of Chicago,School of the Art Institute of Chicago,143048,100.0,NO_PHD_PROGRAM,0,,IPEDS unitid=143048: No doctoral CS completions in any CS-family CIP code (2020-2024),,
Art Institute of Ft Lauderdale,The Art Institute of Fort Lauderdale,132338,96.8,NO_PHD_PROGRAM,0,,IPEDS unitid=132338: No doctoral CS completions in any CS-family CIP code (2020-2024),,
The Art Institute of Phoenix,The Art Institute of Phoenix,428444,100.0,NO_PHD_PROGRAM,0,,IPEDS unitid=428444: No doctoral CS completions in any CS-family CIP code (2020-2024),,
The Art Institute of Southern California,California Institute of the Arts,111081,91.2,NO_PHD_PROGRAM,0,,IPEDS unitid=111081: No doctoral CS completions in any CS-family CIP code (2020-2024),,
The Art Institute of Washington,The Art Institute of Washington,440341,100.0,NO_PHD_PROGRAM,0,,IPEDS unitid=440341: No doctoral CS completions in any CS-family CIP code (2020-2024),,
Asbury College,Asbury University,156213,100.0,NO_PHD_VIA_RENAME,0,,Renamed match via pattern 'College->University': IPEDS unitid=156213,College->University,
Ashford University,Ashford University,154022,100.0,NO_PHD_PROGRAM,0,,IPEDS unitid=154022: No doctoral CS completions in any CS-family CIP code (2020-2024),,
Ashland University,Ashland University,201104,100.0,NO_PHD_PROGRAM,0,,IPEDS unitid=201104: No doctoral CS completions in any CS-family CIP code (2020-2024),,
Aspen University,Aspen University,454829,100.0,CONFIRMED,31,11.0701 (11.0701): 31 PhDs,"IPEDS unitid=454829, CIP codes: 11.0701",,
Assumption College,Assumption College for Sisters,183600,100.0,NO_PHD_PROGRAM,0,,IPEDS unitid=183600: No doctoral CS completions in any CS-family CIP code (2020-2024),,
Athena University,NO MATCH FOUND,,0,NEEDS_REVIEW,0,,No confident match found in IPEDS directory,,
Athens State College,Athens State University,100812,100.0,NO_PHD_VIA_RENAME,0,,Renamed match via pattern 'College->University': IPEDS unitid=100812,College->University,
Atlantic Union College,Atlantic Union College,164571,100.0,NO_PHD_PROGRAM,0,,IPEDS unitid=164571: No doctoral CS completions in any CS-family CIP code (2020-2024),,
Auburn University,Auburn University,100858,100.0,CONFIRMED,72,14.0901 (14.0901): 72 PhDs,"IPEDS unitid=100858, CIP codes: 14.0901",,
"Auburn University, Montgomery",Auburn University at Montgomery,100830,100.0,NO_PHD_PROGRAM,0,,IPEDS unitid=100830: No doctoral CS completions in any CS-family CIP code (2020-2024),,
Augsburg College,Augsburg University,173045,100.0,NO_PHD_VIA_RENAME,0,,Renamed match via pattern 'College->University': IPEDS unitid=173045,College->University,
Augusta State University,Augusta State University,138983,100.0,NO_PHD_PROGRAM,0,,IPEDS unitid=138983: No doctoral CS completions in any CS-family CIP code (2020-2024),,
"Augustana College, Rock Island Illinois",Augustana College,143084,100.0,NO_PHD_PROGRAM,0,,IPEDS unitid=143084: No doctoral CS completions in any CS-family CIP code (2020-2024),,
"Augustana College, Sioux Falls South Dakota",Augustana College,143084,100.0,NO_PHD_PROGRAM,0,,IPEDS unitid=143084: No doctoral CS completions in any CS-family CIP code (2020-2024),,
Aurora University,Aurora University,143118,100.0,NO_PHD_PROGRAM,0,,IPEDS unitid=143118: No doctoral CS completions in any CS-family CIP code (2020-2024),,
Austin College,Austin College,222983,100.0,NO_PHD_PROGRAM,0,,IPEDS unitid=222983: No doctoral CS completions in any CS-family CIP code (2020-2024),,
Austin Peay State University,Austin Peay State University,219602,100.0,NO_PHD_PROGRAM,0,,IPEDS unitid=219602: No doctoral CS completions in any CS-family CIP code (2020-2024),,
Averett College,Averett University,231420,100.0,NO_PHD_VIA_RENAME,0,,Renamed match via pattern 'College->University': IPEDS unitid=231420,College->University,
Avila College,Avila University,176628,100.0,NO_PHD_VIA_RENAME,0,,Renamed match via pattern 'College->University': IPEDS unitid=176628,College->University,
Azusa Pacific University,Azusa Pacific University,109785,100.0,NO_PHD_PROGRAM,0,,IPEDS unitid=109785: No doctoral CS completions in any CS-family CIP code (2020-2024),,
Babson College,Babson College,164580,100.0,NO_PHD_PROGRAM,0,,IPEDS unitid=164580: No doctoral CS completions in any CS-family CIP code (2020-2024),,
Bacone College,Bacone College,206817,100.0,NO_PHD_PROGRAM,0,,IPEDS unitid=206817: No doctoral CS completions in any CS-family CIP code (2020-2024),,
Baker College,Baker College,168847,100.0,NO_PHD_PROGRAM,0,,IPEDS unitid=168847: No doctoral CS completions in any CS-family CIP code (2020-2024),,
Baker University,Baker University,154688,100.0,NO_PHD_PROGRAM,0,,IPEDS unitid=154688: No doctoral CS completions in any CS-family CIP code (2020-2024),,
Baldwin-Wallace College,Coe College,153144,95.2,NO_PHD_PROGRAM,0,,IPEDS unitid=153144: No doctoral CS completions in any CS-family CIP code (2020-2024),,
Ball State University,Ball State University,150136,100.0,NO_PHD_PROGRAM,0,,IPEDS unitid=150136: No doctoral CS completions in any CS-family CIP code (2020-2024),,
Baltimore Hebrew University,Drew University,184348,96.6,NO_PHD_PROGRAM,0,,IPEDS unitid=184348: No doctoral CS completions in any CS-family CIP code (2020-2024),,
Bank Street College of Education,Bank Street College of Education,189015,100.0,NO_PHD_PROGRAM,0,,IPEDS unitid=189015: No doctoral CS completions in any CS-family CIP code (2020-2024),,
Baptist Bible College and Seminary,Maple Springs Baptist Bible College and Seminary,446394,100.0,NO_PHD_PROGRAM,0,,IPEDS unitid=446394: No doctoral CS completions in any CS-family CIP code (2020-2024),,
The Baptist College of Florida,New College of Florida,262129,92.7,NO_PHD_PROGRAM,0,,IPEDS unitid=262129: No doctoral CS completions in any CS-family CIP code (2020-2024),,
Barber-Scotia College,ATA College,449728,90.9,NO_PHD_PROGRAM,0,,IPEDS unitid=449728: No doctoral CS completions in any CS-family CIP code (2020-2024),,
Bard College,Bard College,189088,100.0,NO_PHD_PROGRAM,0,,IPEDS unitid=189088: No doctoral CS completions in any CS-family CIP code (2020-2024),,
Barclay College,Barclay College,155070,100.0,NO_PHD_PROGRAM,0,,IPEDS unitid=155070: No doctoral CS completions in any CS-family CIP code (2020-2024),,
Barnard College,Barnard College,189097,100.0,NO_PHD_PROGRAM,0,,IPEDS unitid=189097: No doctoral CS completions in any CS-family CIP code (2020-2024),,
Barrington University,NO MATCH FOUND,,0,NEEDS_REVIEW,0,,No confident match found in IPEDS directory,,
Barry University,Barry University,132471,100.0,NO_PHD_PROGRAM,0,,IPEDS unitid=132471: No doctoral CS completions in any CS-family CIP code (2020-2024),,
Barton College,Barton College,197911,100.0,NO_PHD_PROGRAM,0,,IPEDS unitid=197911: No doctoral CS completions in any CS-family CIP code (2020-2024),,
Bastyr University,Bastyr University,235547,100.0,NO_PHD_PROGRAM,0,,IPEDS unitid=235547: No doctoral CS completions in any CS-family CIP code (2020-2024),,
Bates College,Bates College,160977,100.0,NO_PHD_PROGRAM,0,,IPEDS unitid=160977: No doctoral CS completions in any CS-family CIP code (2020-2024),,
Bay Path College,ACT College,419022,90.9,NO_PHD_PROGRAM,0,,IPEDS unitid=419022: No doctoral CS completions in any CS-family CIP code (2020-2024),,
Baylor College of Dentistry,NO MATCH FOUND,,0,NEEDS_REVIEW,0,,No confident match found in IPEDS directory,,
Baylor College of Medicine,Baylor College of Medicine,223223,100.0,NO_PHD_PROGRAM,0,,IPEDS unitid=223223: No doctoral CS completions in any CS-family CIP code (2020-2024),,
Baylor University,Baylor University,223232,100.0,CONFIRMED,7,11.0401 (11.0401): 7 PhDs,"IPEDS unitid=223232, CIP codes: 11.0401",,
Belhaven College,Belhaven University,175421,100.0,NO_PHD_VIA_RENAME,0,,Renamed match via pattern 'College->University': IPEDS unitid=175421,College->University,
Bellarmine University,Bellarmine University,156286,100.0,NO_PHD_PROGRAM,0,,IPEDS unitid=156286: No doctoral CS completions in any CS-family CIP code (2020-2024),,
Bellevue University,Bellevue University,180814,100.0,NO_PHD_PROGRAM,0,,IPEDS unitid=180814: No doctoral CS completions in any CS-family CIP code (2020-2024),,
Belmont Abbey College,Belmont Abbey College,197984,100.0,NO_PHD_PROGRAM,0,,IPEDS unitid=197984: No doctoral CS completions in any CS-family CIP code (2020-2024),,
Belmont University,Belmont University,219709,100.0,NO_PHD_PROGRAM,0,,IPEDS unitid=219709: No doctoral CS completions in any CS-family CIP code (2020-2024),,
Beloit College,Beloit College,238333,100.0,NO_PHD_PROGRAM,0,,IPEDS unitid=238333: No doctoral CS completions in any CS-family CIP code (2020-2024),,
Bemidji State University,Bemidji State University,173124,100.0,NO_PHD_PROGRAM,0,,IPEDS unitid=173124: No doctoral CS completions in any CS-family CIP code (2020-2024),,
Benedict College,Benedict College,217721,100.0,NO_PHD_PROGRAM,0,,IPEDS unitid=217721: No doctoral CS completions in any CS-family CIP code (2020-2024),,
Benedictine College,Benedictine College,154712,100.0,NO_PHD_PROGRAM,0,,IPEDS unitid=154712: No doctoral CS completions in any CS-family CIP code (2020-2024),,
Benedictine University,Benedictine University,145619,100.0,NO_PHD_PROGRAM,0,,IPEDS unitid=145619: No doctoral CS completions in any CS-family CIP code (2020-2024),,
Bennett College,Bennett College,197993,100.0,NO_PHD_PROGRAM,0,,IPEDS unitid=197993: No doctoral CS completions in any CS-family CIP code (2020-2024),,
Bennington College,Bennington College,230816,100.0,NO_PHD_PROGRAM,0,,IPEDS unitid=230816: No doctoral CS completions in any CS-family CIP code (2020-2024),,
Bentley College,Key College,134422,95.2,NO_PHD_PROGRAM,0,,IPEDS unitid=134422: No doctoral CS completions in any CS-family CIP code (2020-2024),,
Berea College,Berea College,156295,100.0,NO_PHD_PROGRAM,0,,IPEDS unitid=156295: No doctoral CS completions in any CS-family CIP code (2020-2024),,
Berkeley College,Berkeley College-New York,189228,100.0,NO_PHD_PROGRAM,0,,IPEDS unitid=189228: No doctoral CS completions in any CS-family CIP code (2020-2024),,
Berklee College of Music,Berklee College of Music,164748,100.0,NO_PHD_PROGRAM,0,,IPEDS unitid=164748: No doctoral CS completions in any CS-family CIP code (2020-2024),,
Berry College,Berry College,139144,100.0,NO_PHD_PROGRAM,0,,IPEDS unitid=139144: No doctoral CS completions in any CS-family CIP code (2020-2024),,
Bethany Bible College,Lee College,226204,95.2,NO_PHD_PROGRAM,0,,IPEDS unitid=226204: No doctoral CS completions in any CS-family CIP code (2020-2024),,
"Bethany College, West Virginia",Bethany College,154721,100.0,NO_PHD_PROGRAM,0,,IPEDS unitid=154721: No doctoral CS completions in any CS-family CIP code (2020-2024),,
"Bethany College, Lindsborg, KS",Bethany College,154721,100.0,NO_PHD_PROGRAM,0,,IPEDS unitid=154721: No doctoral CS completions in any CS-family CIP code (2020-2024),,
"Bethany College, Scotts Valley, CA",Bethany College,154721,100.0,NO_PHD_PROGRAM,0,,IPEDS unitid=154721: No doctoral CS completions in any CS-family CIP code (2020-2024),,
Bethany Lutheran College,Bethany Lutheran College,173142,100.0,NO_PHD_PROGRAM,0,,IPEDS unitid=173142: No doctoral CS completions in any CS-family CIP code (2020-2024),,
"Bethel College and Seminary, Saint Paul Minnesota",NO MATCH FOUND,,0,NEEDS_REVIEW,0,,No confident match found in IPEDS directory,,
"Bethel College, McKenzie, Tennessee",NO MATCH FOUND,,0,NEEDS_REVIEW,0,,No confident match found in IPEDS directory,,
"Bethel College, Mishawaka, Indiana",NO MATCH FOUND,,0,NEEDS_REVIEW,0,,No confident match found in IPEDS directory,,
"Bethel College, Newton, Kansas",NO MATCH FOUND,,0,NEEDS_REVIEW,0,,No confident match found in IPEDS directory,,
Bethune-Cookman College,Bethune-Cookman University,132602,100.0,NO_PHD_VIA_RENAME,0,,Renamed match via pattern 'College->University': IPEDS unitid=132602,College->University,
Bienville University,Lee University,220613,96.3,NO_PHD_PROGRAM,0,,IPEDS unitid=220613: No doctoral CS completions in any CS-family CIP code (2020-2024),,
Biola University,Biola University,110097,100.0,NO_PHD_PROGRAM,0,,IPEDS unitid=110097: No doctoral CS completions in any CS-family CIP code (2020-2024),,
Birmingham-Southern College,Birmingham-Southern College,100937,100.0,NO_PHD_PROGRAM,0,,IPEDS unitid=100937: No doctoral CS completions in any CS-family CIP code (2020-2024),,
Bismarck State College,Bismarck State College,200022,100.0,NO_PHD_PROGRAM,0,,IPEDS unitid=200022: No doctoral CS completions in any CS-family CIP code (2020-2024),,
Black Hills State University,Black Hills State University,219046,100.0,NO_PHD_PROGRAM,0,,IPEDS unitid=219046: No doctoral CS completions in any CS-family CIP code (2020-2024),,
Blackburn College,Blackburn College,143288,100.0,NO_PHD_PROGRAM,0,,IPEDS unitid=143288: No doctoral CS completions in any CS-family CIP code (2020-2024),,
Bloomfield College,Bloomfield College of Montclair State University,183822,100.0,NO_PHD_PROGRAM,0,,IPEDS unitid=183822: No doctoral CS completions in any CS-family CIP code (2020-2024),,
Bloomsburg University,Bloomsburg University of Pennsylvania,211158,100.0,NO_PHD_PROGRAM,0,,IPEDS unitid=211158: No doctoral CS completions in any CS-family CIP code (2020-2024),,
Blue Mountain College,NO MATCH FOUND,,0,NEEDS_REVIEW,0,,No confident match found in IPEDS directory,,
Bluefield College,Bluefield College - Edward Via College of Osteopathic Medicine,492555,100.0,NO_PHD_PROGRAM,0,,IPEDS unitid=492555: No doctoral CS completions in any CS-family CIP code (2020-2024),,
Bluefield State College,Bluefield State University,237215,100.0,NO_PHD_VIA_RENAME,0,,Renamed match via pattern 'College->University': IPEDS unitid=237215,College->University,
Bluffton University,Bluffton University,201371,100.0,NO_PHD_PROGRAM,0,,IPEDS unitid=201371: No doctoral CS completions in any CS-family CIP code (2020-2024),,
Bob Jones University,Bob Jones University,217749,100.0,NO_PHD_PROGRAM,0,,IPEDS unitid=217749: No doctoral CS completions in any CS-family CIP code (2020-2024),,
Boise State University,Boise State University,142115,100.0,CONFIRMED,30,11.0701 (11.0701): 30 PhDs,"IPEDS unitid=142115, CIP codes: 11.0701",,
The Boston Architectural Center,Boston Architectural College,164872,89.8,NO_PHD_PROGRAM,0,,IPEDS unitid=164872: No doctoral CS completions in any CS-family CIP code (2020-2024),,
Boston College,Boston College,164924,100.0,NO_PHD_PROGRAM,0,,IPEDS unitid=164924: No doctoral CS completions in any CS-family CIP code (2020-2024),,
Boston Conservatory,The Boston Conservatory,164933,100.0,NO_PHD_PROGRAM,0,,IPEDS unitid=164933: No doctoral CS completions in any CS-family CIP code (2020-2024),,
Boston University,Boston University,164988,100.0,CONFIRMED,98,11.0701 (11.0701): 61 PhDs; 14.0901 (14.0901): 37 PhDs,"IPEDS unitid=164988, CIP codes: 11.0701, 14.0901",,
Bowdoin College,Bowdoin College,161004,100.0,NO_PHD_PROGRAM,0,,IPEDS unitid=161004: No doctoral CS completions in any CS-family CIP code (2020-2024),,
Bowie State University,Bowie State University,162007,100.0,CONFIRMED,12,11.0101 (11.0101): 12 PhDs,"IPEDS unitid=162007, CIP codes: 11.0101",,
Bowling Green State University,Bowling Green State University-Main Campus,201441,100.0,NO_PHD_PROGRAM,0,,IPEDS unitid=201441: No doctoral CS completions in any CS-family CIP code (2020-2024),,
Bradford College,NO MATCH FOUND,,0,NEEDS_REVIEW,0,,No confident match found in IPEDS directory,,
Bradley University,Bradley University,143358,100.0,NO_PHD_PROGRAM,0,,IPEDS unitid=143358: No doctoral CS completions in any CS-family CIP code (2020-2024),,
Brandeis University,Brandeis University,165015,100.0,CONFIRMED,11,11.0701 (11.0701): 11 PhDs,"IPEDS unitid=165015, CIP codes: 11.0701",,
Brenau University,Brenau University,139199,100.0,NO_PHD_PROGRAM,0,,IPEDS unitid=139199: No doctoral CS completions in any CS-family CIP code (2020-2024),,
Brevard College,Brevard College,198066,100.0,NO_PHD_PROGRAM,0,,IPEDS unitid=198066: No doctoral CS completions in any CS-family CIP code (2020-2024),,
Brewton-Parker College,Brewton-Parker College,139205,100.0,NO_PHD_PROGRAM,0,,IPEDS unitid=139205: No doctoral CS completions in any CS-family CIP code (2020-2024),,
Briar Cliff University,Briar Cliff University,152992,100.0,NO_PHD_PROGRAM,0,,IPEDS unitid=152992: No doctoral CS completions in any CS-family CIP code (2020-2024),,
Bridgewater College,Bridgewater College,231581,100.0,NO_PHD_PROGRAM,0,,IPEDS unitid=231581: No doctoral CS completions in any CS-family CIP code (2020-2024),,
Bridgewater State College,Bridgewater State University,165024,100.0,NO_PHD_VIA_RENAME,0,,Renamed match via pattern 'College->University': IPEDS unitid=165024,College->University,
Brigham Young University,Brigham Young University,230038,100.0,CONFIRMED,18,11.0701 (11.0701): 18 PhDs,"IPEDS unitid=230038, CIP codes: 11.0701",,
Brigham Young University Hawaii,Brigham Young University-Hawaii,230047,100.0,NO_PHD_PROGRAM,0,,IPEDS unitid=230047: No doctoral CS completions in any CS-family CIP code (2020-2024),,
Brigham Young University Idaho,Brigham Young University-Idaho,142522,100.0,NO_PHD_PROGRAM,0,,IPEDS unitid=142522: No doctoral CS completions in any CS-family CIP code (2020-2024),,
Brooklyn College,CUNY Brooklyn College,190549,100.0,NO_PHD_PROGRAM,0,,IPEDS unitid=190549: No doctoral CS completions in any CS-family CIP code (2020-2024),,
Brooklyn Law School,Brooklyn Law School,189501,100.0,NO_PHD_PROGRAM,0,,IPEDS unitid=189501: No doctoral CS completions in any CS-family CIP code (2020-2024),,
Brooks Institute,Brooks Institute,110185,100.0,NO_PHD_PROGRAM,0,,IPEDS unitid=110185: No doctoral CS completions in any CS-family CIP code (2020-2024),,
Brown University,Brown University,217156,100.0,CONFIRMED,60,11.0701 (11.0701): 60 PhDs,"IPEDS unitid=217156, CIP codes: 11.0701",,
Bryan College,Bryan College of Health Sciences,180878,100.0,NO_PHD_PROGRAM,0,,IPEDS unitid=180878: No doctoral CS completions in any CS-family CIP code (2020-2024),,
Bryant College,Bryan College of Health Sciences,180878,96.3,NO_PHD_PROGRAM,0,,IPEDS unitid=180878: No doctoral CS completions in any CS-family CIP code (2020-2024),,
Bryn Mawr College,Bryn Mawr College,211273,100.0,NO_PHD_PROGRAM,0,,IPEDS unitid=211273: No doctoral CS completions in any CS-family CIP code (2020-2024),,
Bucknell University,Bucknell University,211291,100.0,NO_PHD_PROGRAM,0,,IPEDS unitid=211291: No doctoral CS completions in any CS-family CIP code (2020-2024),,
Buena Vista University,Buena Vista University,153001,100.0,NO_PHD_PROGRAM,0,,IPEDS unitid=153001: No doctoral CS completions in any CS-family CIP code (2020-2024),,
Butler University,Butler University,150163,100.0,NO_PHD_PROGRAM,0,,IPEDS unitid=150163: No doctoral CS completions in any CS-family CIP code (2020-2024),,
C. R. Drew University of Medicine and Science,Drew University,184348,100.0,NO_PHD_PROGRAM,0,,IPEDS unitid=184348: No doctoral CS completions in any CS-family CIP code (2020-2024),,
Cabarrus College of Health Sciences,Cabarrus College of Health Sciences,198109,100.0,NO_PHD_PROGRAM,0,,IPEDS unitid=198109: No doctoral CS completions in any CS-family CIP code (2020-2024),,
Cabrini College,HCI College,490054,90.0,NO_PHD_PROGRAM,0,,IPEDS unitid=490054: No doctoral CS completions in any CS-family CIP code (2020-2024),,
Caldwell College,Wells College,197230,96.0,NO_PHD_PROGRAM,0,,IPEDS unitid=197230: No doctoral CS completions in any CS-family CIP code (2020-2024),,
California Baptist University,California Baptist University,110361,100.0,NO_PHD_PROGRAM,0,,IPEDS unitid=110361: No doctoral CS completions in any CS-family CIP code (2020-2024),,
California Coast University,California Coast University,110936,100.0,NO_PHD_PROGRAM,0,,IPEDS unitid=110936: No doctoral CS completions in any CS-family CIP code (2020-2024),,
California College of the Arts,California College of the Arts,110370,100.0,NO_PHD_PROGRAM,0,,IPEDS unitid=110370: No doctoral CS completions in any CS-family CIP code (2020-2024),,
California College for Health Sciences,MDT College of Health Sciences,439455,89.7,NO_PHD_PROGRAM,0,,IPEDS unitid=439455: No doctoral CS completions in any CS-family CIP code (2020-2024),,
California College of Podiatric Medicine,NO MATCH FOUND,,0,NEEDS_REVIEW,0,,No confident match found in IPEDS directory,,
California Institute of the Arts,California Institute of the Arts,111081,100.0,NO_PHD_PROGRAM,0,,IPEDS unitid=111081: No doctoral CS completions in any CS-family CIP code (2020-2024),,
California Institute for Human Science,NO MATCH FOUND,,0,NEEDS_REVIEW,0,,No confident match found in IPEDS directory,,
California Institute of Integral Studies,California Institute of Integral Studies,110316,100.0,NO_PHD_PROGRAM,0,,IPEDS unitid=110316: No doctoral CS completions in any CS-family CIP code (2020-2024),,
California Institute of Technology,California Institute of Technology,110404,100.0,CONFIRMED,5,11.0701 (11.0701): 5 PhDs,"IPEDS unitid=110404, CIP codes: 11.0701",,
California Lutheran University,California Lutheran University,110413,100.0,NO_PHD_PROGRAM,0,,IPEDS unitid=110413: No doctoral CS completions in any CS-family CIP code (2020-2024),,
The California Maritime Academy,NO MATCH FOUND,,0,NEEDS_REVIEW,0,,No confident match found in IPEDS directory,,
California National University for Advanced Studies,National University,119605,100.0,NO_PHD_PROGRAM,0,,IPEDS unitid=119605: No doctoral CS completions in any CS-family CIP code (2020-2024),,
California Pacific University,Pacific University,209612,100.0,NO_PHD_PROGRAM,0,,IPEDS unitid=209612: No doctoral CS completions in any CS-family CIP code (2020-2024),,
"California Polytechnic State University, San Luis Obispo",California Polytechnic State University-San Luis Obispo,110422,98.2,NO_PHD_PROGRAM,0,,IPEDS unitid=110422: No doctoral CS completions in any CS-family CIP code (2020-2024),,
"California State Polytechnic University, Pomona",California State Polytechnic University-Pomona,110529,97.8,NO_PHD_PROGRAM,0,,IPEDS unitid=110529: No doctoral CS completions in any CS-family CIP code (2020-2024),,
"California State University, Bakersfield",California State University-Bakersfield,110486,97.4,NO_PHD_PROGRAM,0,,IPEDS unitid=110486: No doctoral CS completions in any CS-family CIP code (2020-2024),,
"California State University, Channel Islands",California State University-Channel Islands,441937,97.7,NO_PHD_PROGRAM,0,,IPEDS unitid=441937: No doctoral CS completions in any CS-family CIP code (2020-2024),,
"California State University, Chico",California State University-Chico,110538,97.0,NO_PHD_PROGRAM,0,,IPEDS unitid=110538: No doctoral CS completions in any CS-family CIP code (2020-2024),,
"California State University, Dominguez Hills",California State University-Dominguez Hills,110547,97.7,NO_PHD_PROGRAM,0,,IPEDS unitid=110547: No doctoral CS completions in any CS-family CIP code (2020-2024),,
"California State University, Fresno",California State University-Fresno,110556,97.1,NO_PHD_PROGRAM,0,,IPEDS unitid=110556: No doctoral CS completions in any CS-family CIP code (2020-2024),,
"California State University, Fullerton",California State University-Fullerton,110565,97.3,NO_PHD_PROGRAM,0,,IPEDS unitid=110565: No doctoral CS completions in any CS-family CIP code (2020-2024),,
"California State University, Hayward",California State University-East Bay,110574,100.0,NO_PHD_PROGRAM,0,,IPEDS unitid=110574: No doctoral CS completions in any CS-family CIP code (2020-2024),,
"California State University, Long Beach",California State University-Long Beach,110583,97.4,NO_PHD_PROGRAM,0,,IPEDS unitid=110583: No doctoral CS completions in any CS-family CIP code (2020-2024),,
"California State University, Los Angeles",California State University-Los Angeles,110592,97.4,NO_PHD_PROGRAM,0,,IPEDS unitid=110592: No doctoral CS completions in any CS-family CIP code (2020-2024),,
"California State University, Monterey",California State University-Monterey Bay,409698,97.2,NO_PHD_PROGRAM,0,,IPEDS unitid=409698: No doctoral CS completions in any CS-family CIP code (2020-2024),,
"California State University, Northridge",California State University-Northridge,110608,97.4,NO_PHD_PROGRAM,0,,IPEDS unitid=110608: No doctoral CS completions in any CS-family CIP code (2020-2024),,
"California State University, Sacramento",California State University-Sacramento,110617,97.4,NO_PHD_PROGRAM,0,,IPEDS unitid=110617: No doctoral CS completions in any CS-family CIP code (2020-2024),,
"California State University, San Bernardino",California State University-San Bernardino,110510,97.6,NO_PHD_PROGRAM,0,,IPEDS unitid=110510: No doctoral CS completions in any CS-family CIP code (2020-2024),,
"California State University, San Marcos",California State University-San Marcos,366711,97.4,NO_PHD_PROGRAM,0,,IPEDS unitid=366711: No doctoral CS completions in any CS-family CIP code (2020-2024),,
"California State University, Stanislaus",California State University-Stanislaus,110495,97.4,NO_PHD_PROGRAM,0,,IPEDS unitid=110495: No doctoral CS completions in any CS-family CIP code (2020-2024),,
California University of Pennsylvania,California University of Pennsylvania,211361,100.0,NO_PHD_PROGRAM,0,,IPEDS unitid=211361: No doctoral CS completions in any CS-family CIP code (2020-2024),,
Calumet College of St. Joseph,College of St Joseph,231077,100.0,NO_PHD_PROGRAM,0,,IPEDS unitid=231077: No doctoral CS completions in any CS-family CIP code (2020-2024),,
Calvin College,Calvin University,169080,100.0,NO_PHD_VIA_RENAME,0,,Renamed match via pattern 'College->University': IPEDS unitid=169080,College->University,
Cambridge College,Cambridge College,165167,100.0,NO_PHD_PROGRAM,0,,IPEDS unitid=165167: No doctoral CS completions in any CS-family CIP code (2020-2024),,
Cameron University,Cameron University,206914,100.0,NO_PHD_PROGRAM,0,,IPEDS unitid=206914: No doctoral CS completions in any CS-family CIP code (2020-2024),,
Campbell University,Campbell University,198136,100.0,NO_PHD_PROGRAM,0,,IPEDS unitid=198136: No doctoral CS completions in any CS-family CIP code (2020-2024),,
Campbellsville University,Campbellsville University,156365,100.0,NO_PHD_PROGRAM,0,,IPEDS unitid=156365: No doctoral CS completions in any CS-family CIP code (2020-2024),,
Canisius College,Canisius University,189705,100.0,NO_PHD_VIA_RENAME,0,,Renamed match via pattern 'College->University': IPEDS unitid=189705,College->University,
Canyon College,Santiago Canyon College,399212,100.0,NO_PHD_PROGRAM,0,,IPEDS unitid=399212: No doctoral CS completions in any CS-family CIP code (2020-2024),,
Capella University,Capella University,413413,100.0,CONFIRMED,341,11.0103 (11.0103): 95 PhDs; 11.0199 (11.0199): 14 PhDs; 11.1003 (11.1003): 204 PhDs; 11.1005 (11.1005): 28 PhDs,"IPEDS unitid=413413, CIP codes: 11.0103, 11.0199, 11.1003, 11.1005",,
Capital University,Capital University,201548,100.0,NO_PHD_PROGRAM,0,,IPEDS unitid=201548: No doctoral CS completions in any CS-family CIP code (2020-2024),,
Capitol College,Lee College,226204,90.0,NO_PHD_PROGRAM,0,,IPEDS unitid=226204: No doctoral CS completions in any CS-family CIP code (2020-2024),,
Cardinal Stritch University,Cardinal Stritch University,238430,100.0,NO_PHD_PROGRAM,0,,IPEDS unitid=238430: No doctoral CS completions in any CS-family CIP code (2020-2024),,
Carleton College,Carleton College,173258,100.0,NO_PHD_PROGRAM,0,,IPEDS unitid=173258: No doctoral CS completions in any CS-family CIP code (2020-2024),,
Carlos Albizu University,NUC University,242972,92.3,NO_PHD_PROGRAM,0,,IPEDS unitid=242972: No doctoral CS completions in any CS-family CIP code (2020-2024),,
Carlow College,Carlow University,211431,100.0,NO_PHD_VIA_RENAME,0,,Renamed match via pattern 'College->University': IPEDS unitid=211431,College->University,
Carnegie Institution of Washington,Carnegie Institute,169187,97.1,NO_PHD_PROGRAM,0,,IPEDS unitid=169187: No doctoral CS completions in any CS-family CIP code (2020-2024),,
Carnegie Mellon University,Carnegie Mellon University,211440,100.0,CONFIRMED,394,11.0102 (11.0102): 150 PhDs; 11.0103 (11.0103): 61 PhDs; 11.0199 (11.0199): 24 PhDs; 11.0701 (11.0701): 138 PhDs; 11.9999 (11.9999): 2 PhDs; 14.0903 (14.0903): 19 PhDs,"IPEDS unitid=211440, CIP codes: 11.0102, 11.0103, 11.0199, 11.0701, 11.9999, 14.0903",,
Carrol University,Carroll University,238458,97.1,NO_PHD_PROGRAM,0,,IPEDS unitid=238458: No doctoral CS completions in any CS-family CIP code (2020-2024),,
"Carroll College, Helena, MT",Carroll College,180106,100.0,NO_PHD_PROGRAM,0,,IPEDS unitid=180106: No doctoral CS completions in any CS-family CIP code (2020-2024),,
Carson-Newman College,Carson-Newman University,219806,100.0,NO_PHD_VIA_RENAME,0,,Renamed match via pattern 'College->University': IPEDS unitid=219806,College->University,
Carthage College,Carthage College,238476,100.0,NO_PHD_PROGRAM,0,,IPEDS unitid=238476: No doctoral CS completions in any CS-family CIP code (2020-2024),,
Case Western Reserve University,Case Western Reserve University,201645,100.0,CONFIRMED,34,11.0701 (11.0701): 24 PhDs; 14.0901 (14.0901): 10 PhDs,"IPEDS unitid=201645, CIP codes: 11.0701, 14.0901",,
Castleton State College,Vermont State University,231165,100.0,NO_PHD_VIA_WEB_RESOLVE,0,,Web-resolved: Castleton State College -> Vermont State University (merged into Vermont State University 2023) -> IPEDS unitid=231165,,Castleton State College -> Vermont State University (merged into Vermont State University 2023)
Catawba College,Catawba College,198215,100.0,NO_PHD_PROGRAM,0,,IPEDS unitid=198215: No doctoral CS completions in any CS-family CIP code (2020-2024),,
The Catholic University of America,The Catholic University of America,131283,100.0,CONFIRMED,8,11.0701 (11.0701): 8 PhDs,"IPEDS unitid=131283, CIP codes: 11.0701",,
Cazenovia College,Cazenovia College,189848,100.0,NO_PHD_PROGRAM,0,,IPEDS unitid=189848: No doctoral CS completions in any CS-family CIP code (2020-2024),,
Cedar Crest College,Cedar Crest College,211468,100.0,NO_PHD_PROGRAM,0,,IPEDS unitid=211468: No doctoral CS completions in any CS-family CIP code (2020-2024),,
Cedarville University,Cedarville University,201654,100.0,NO_PHD_PROGRAM,0,,IPEDS unitid=201654: No doctoral CS completions in any CS-family CIP code (2020-2024),,
Centenary College of Louisiana,Centenary College of Louisiana,158477,100.0,NO_PHD_PROGRAM,0,,IPEDS unitid=158477: No doctoral CS completions in any CS-family CIP code (2020-2024),,
Centenary College of New Jersey,The College of New Jersey,187134,100.0,NO_PHD_PROGRAM,0,,IPEDS unitid=187134: No doctoral CS completions in any CS-family CIP code (2020-2024),,
Center for Creative Studies College of Art and Design,NO MATCH FOUND,,0,NEEDS_REVIEW,0,,No confident match found in IPEDS directory,,
Central Bible College,Central Bible College,176938,100.0,NO_PHD_PROGRAM,0,,IPEDS unitid=176938: No doctoral CS completions in any CS-family CIP code (2020-2024),,
Central Christian College of the Bible,Central Christian College of the Bible,176910,100.0,NO_PHD_PROGRAM,0,,IPEDS unitid=176910: No doctoral CS completions in any CS-family CIP code (2020-2024),,
Central Christian College of Kansas,Central Christian College of Kansas,154855,100.0,NO_PHD_PROGRAM,0,,IPEDS unitid=154855: No doctoral CS completions in any CS-family CIP code (2020-2024),,
Central College,Central College,153108,100.0,NO_PHD_PROGRAM,0,,IPEDS unitid=153108: No doctoral CS completions in any CS-family CIP code (2020-2024),,
Central Connecticut State University,Central Connecticut State University,128771,100.0,NO_PHD_PROGRAM,0,,IPEDS unitid=128771: No doctoral CS completions in any CS-family CIP code (2020-2024),,
Central Methodist College,Methodist College,147129,100.0,NO_PHD_PROGRAM,0,,IPEDS unitid=147129: No doctoral CS completions in any CS-family CIP code (2020-2024),,
Central Michigan University,Central Michigan University,169248,100.0,NO_PHD_PROGRAM,0,,IPEDS unitid=169248: No doctoral CS completions in any CS-family CIP code (2020-2024),,
Central Missouri State University,University of Central Missouri,176965,100.0,NO_PHD_VIA_WEB_RESOLVE,0,,Web-resolved: Central Missouri State University -> University of Central Missouri (renamed 2006) -> IPEDS unitid=176965,,Central Missouri State University -> University of Central Missouri (renamed 2006)
Central Pennsylvania College,ACT College,419022,90.0,NO_PHD_PROGRAM,0,,IPEDS unitid=419022: No doctoral CS completions in any CS-family CIP code (2020-2024),,
Central State University,Central State University,201690,100.0,NO_PHD_PROGRAM,0,,IPEDS unitid=201690: No doctoral CS completions in any CS-family CIP code (2020-2024),,
Central Washington University,Central Washington University,234827,100.0,NO_PHD_PROGRAM,0,,IPEDS unitid=234827: No doctoral CS completions in any CS-family CIP code (2020-2024),,
"Centre College, Danville Kentucky",Centre College,156408,100.0,NO_PHD_PROGRAM,0,,IPEDS unitid=156408: No doctoral CS completions in any CS-family CIP code (2020-2024),,
Century University,NO MATCH FOUND,,0,NEEDS_REVIEW,0,,No confident match found in IPEDS directory,,
Chadron State College,Chadron State College,180948,100.0,NO_PHD_PROGRAM,0,,IPEDS unitid=180948: No doctoral CS completions in any CS-family CIP code (2020-2024),,
Chadwick University,NO MATCH FOUND,,0,NEEDS_REVIEW,0,,No confident match found in IPEDS directory,,
"Chaminade University of Honolulu, Hawaii",Chaminade University of Honolulu,141486,100.0,NO_PHD_PROGRAM,0,,IPEDS unitid=141486: No doctoral CS completions in any CS-family CIP code (2020-2024),,
Champlain College,Champlain College,230852,100.0,NO_PHD_PROGRAM,0,,IPEDS unitid=230852: No doctoral CS completions in any CS-family CIP code (2020-2024),,
Chapman University,Chapman University,111948,100.0,NO_PHD_PROGRAM,0,,IPEDS unitid=111948: No doctoral CS completions in any CS-family CIP code (2020-2024),,
Charles R. Drew University of Medicine and Science,Charles R Drew University of Medicine and Science,111966,100.0,NO_PHD_PROGRAM,0,,IPEDS unitid=111966: No doctoral CS completions in any CS-family CIP code (2020-2024),,
Charleston Southern,Charleston Southern University,217688,100.0,NO_PHD_PROGRAM,0,,IPEDS unitid=217688: No doctoral CS completions in any CS-family CIP code (2020-2024),,
Charter Oak State College,Charter Oak State College,128780,100.0,NO_PHD_PROGRAM,0,,IPEDS unitid=128780: No doctoral CS completions in any CS-family CIP code (2020-2024),,
Chatham College,Chatham University,211556,100.0,NO_PHD_VIA_RENAME,0,,Renamed match via pattern 'College->University': IPEDS unitid=211556,College->University,
Cheyney University of Pennsylvania,Cheyney University of Pennsylvania,211608,100.0,NO_PHD_PROGRAM,0,,IPEDS unitid=211608: No doctoral CS completions in any CS-family CIP code (2020-2024),,
Chicago-Kent College of Law,NO MATCH FOUND,,0,NEEDS_REVIEW,0,,No confident match found in IPEDS directory,,
Chicago School of Professional Psychology,The Chicago School of Professional Psychology at Westwood,455682,100.0,NO_PHD_PROGRAM,0,,IPEDS unitid=455682: No doctoral CS completions in any CS-family CIP code (2020-2024),,
Chicago State University,Chicago State University,144005,100.0,NO_PHD_PROGRAM,0,,IPEDS unitid=144005: No doctoral CS completions in any CS-family CIP code (2020-2024),,
Chowan College,Chowan University,198303,100.0,NO_PHD_VIA_RENAME,0,,Renamed match via pattern 'College->University': IPEDS unitid=198303,College->University,
Christendom College,LIM College,192271,90.0,NO_PHD_PROGRAM,0,,IPEDS unitid=192271: No doctoral CS completions in any CS-family CIP code (2020-2024),,
Christian Bible College and Seminary,Lee College,226204,90.9,NO_PHD_PROGRAM,0,,IPEDS unitid=226204: No doctoral CS completions in any CS-family CIP code (2020-2024),,
Christian Brothers University,Christian Brothers University,219833,100.0,NO_PHD_PROGRAM,0,,IPEDS unitid=219833: No doctoral CS completions in any CS-family CIP code (2020-2024),,
Christopher Newport University,Christopher Newport University,231712,100.0,NO_PHD_PROGRAM,0,,IPEDS unitid=231712: No doctoral CS completions in any CS-family CIP code (2020-2024),,
Circleville Bible College,Lee College,226204,95.2,NO_PHD_PROGRAM,0,,IPEDS unitid=226204: No doctoral CS completions in any CS-family CIP code (2020-2024),,
The Citadel,Citadel Military College of South Carolina,217864,100.0,NO_PHD_PROGRAM,0,,IPEDS unitid=217864: No doctoral CS completions in any CS-family CIP code (2020-2024),,
City Colleges of Chicago,City Colleges of Chicago-Kennedy-King College,144157,100.0,NO_PHD_PROGRAM,0,,IPEDS unitid=144157: No doctoral CS completions in any CS-family CIP code (2020-2024),,
"City University, Bellevue Washington",NO MATCH FOUND,,0,NEEDS_REVIEW,0,,No confident match found in IPEDS directory,,
City University of Los Angeles,NO MATCH FOUND,,0,NEEDS_REVIEW,0,,No confident match found in IPEDS directory,,
City University of New York,NO MATCH FOUND,,0,NEEDS_REVIEW,0,,No confident match found in IPEDS directory,,
Claflin College,LIM College,192271,90.9,NO_PHD_PROGRAM,0,,IPEDS unitid=192271: No doctoral CS completions in any CS-family CIP code (2020-2024),,
Claremont Graduate University,Claremont Graduate University,112251,100.0,CONFIRMED,52,11.0401 (11.0401): 52 PhDs,"IPEDS unitid=112251, CIP codes: 11.0401",,
Claremont McKenna College,Claremont McKenna College,112260,100.0,NO_PHD_PROGRAM,0,,IPEDS unitid=112260: No doctoral CS completions in any CS-family CIP code (2020-2024),,
Clarion University,Clarion University of Pennsylvania,211644,100.0,NO_PHD_PROGRAM,0,,IPEDS unitid=211644: No doctoral CS completions in any CS-family CIP code (2020-2024),,
Clark Atlanta University,Clark Atlanta University,138947,100.0,NO_PHD_PROGRAM,0,,IPEDS unitid=138947: No doctoral CS completions in any CS-family CIP code (2020-2024),,
Clark College,Clark College,234933,100.0,NO_PHD_PROGRAM,0,,IPEDS unitid=234933: No doctoral CS completions in any CS-family CIP code (2020-2024),,
Clark University,Clark University,165334,100.0,NO_PHD_PROGRAM,0,,IPEDS unitid=165334: No doctoral CS completions in any CS-family CIP code (2020-2024),,
Clarke College,Clark College,234933,96.3,NO_PHD_PROGRAM,0,,IPEDS unitid=234933: No doctoral CS completions in any CS-family CIP code (2020-2024),,
Clarkson University,Clarkson University,190044,100.0,CONFIRMED,9,11.0701 (11.0701): 9 PhDs,"IPEDS unitid=190044, CIP codes: 11.0701",,
Clayton College and State University,Lee University,220613,92.3,NO_PHD_PROGRAM,0,,IPEDS unitid=220613: No doctoral CS completions in any CS-family CIP code (2020-2024),,
Clayton College of Natural Health,NO MATCH FOUND,,0,NEEDS_REVIEW,0,,No confident match found in IPEDS directory,,
Clemson University,Clemson University,217882,100.0,CONFIRMED,72,11.0101 (11.0101): 26 PhDs; 11.0104 (11.0104): 29 PhDs; 14.0901 (14.0901): 17 PhDs,"IPEDS unitid=217882, CIP codes: 11.0101, 11.0104, 14.0901",,
Clear Creek Baptist Bible College,Clear Creek Baptist Bible College,156417,100.0,NO_PHD_PROGRAM,0,,IPEDS unitid=156417: No doctoral CS completions in any CS-family CIP code (2020-2024),,
Clearwater Christian College,Clearwater Christian College,133085,100.0,NO_PHD_PROGRAM,0,,IPEDS unitid=133085: No doctoral CS completions in any CS-family CIP code (2020-2024),,
Cleary University,Cleary University,169327,100.0,NO_PHD_PROGRAM,0,,IPEDS unitid=169327: No doctoral CS completions in any CS-family CIP code (2020-2024),,
Cleveland Chiropractic College,Cleveland Chiropractic College of Los Angeles,112312,100.0,NO_PHD_PROGRAM,0,,IPEDS unitid=112312: No doctoral CS completions in any CS-family CIP code (2020-2024),,
Cleveland Institute of Art,Cleveland Institute of Art,202046,100.0,NO_PHD_PROGRAM,0,,IPEDS unitid=202046: No doctoral CS completions in any CS-family CIP code (2020-2024),,
Cleveland Institute of Music,Cleveland Institute of Music,202073,100.0,NO_PHD_PROGRAM,0,,IPEDS unitid=202073: No doctoral CS completions in any CS-family CIP code (2020-2024),,
Cleveland State University,Cleveland State University,202134,100.0,CONFIRMED,2,11.0401 (11.0401): 1 PhDs; 11.0701 (11.0701): 1 PhDs,"IPEDS unitid=202134, CIP codes: 11.0401, 11.0701",,
Clinch Valley College,Key College,134422,95.2,NO_PHD_PROGRAM,0,,IPEDS unitid=134422: No doctoral CS completions in any CS-family CIP code (2020-2024),,
Coastal Carolina University,Coastal Carolina University,218724,100.0,NO_PHD_PROGRAM,0,,IPEDS unitid=218724: No doctoral CS completions in any CS-family CIP code (2020-2024),,
Coe College,Coe College,153144,100.0,NO_PHD_PROGRAM,0,,IPEDS unitid=153144: No doctoral CS completions in any CS-family CIP code (2020-2024),,
Cogswell Polytechnical College,NO MATCH FOUND,,0,NEEDS_REVIEW,0,,No confident match found in IPEDS directory,,
Coker College,Becker College,164720,96.0,NO_PHD_PROGRAM,0,,IPEDS unitid=164720: No doctoral CS completions in any CS-family CIP code (2020-2024),,
Colby College,Colby College,161086,100.0,NO_PHD_PROGRAM,0,,IPEDS unitid=161086: No doctoral CS completions in any CS-family CIP code (2020-2024),,
Colby-Sawyer College,Colby-Sawyer College,182634,100.0,NO_PHD_PROGRAM,0,,IPEDS unitid=182634: No doctoral CS completions in any CS-family CIP code (2020-2024),,
Colgate University,Colgate University,190099,100.0,NO_PHD_PROGRAM,0,,IPEDS unitid=190099: No doctoral CS completions in any CS-family CIP code (2020-2024),,
Coleman College,Coleman University,112446,100.0,NO_PHD_VIA_RENAME,0,,Renamed match via pattern 'College->University': IPEDS unitid=112446,College->University,
College of the Atlantic,College of the Atlantic,160959,100.0,NO_PHD_PROGRAM,0,,IPEDS unitid=160959: No doctoral CS completions in any CS-family CIP code (2020-2024),,
College of Charleston,College of Charleston,217819,100.0,NO_PHD_PROGRAM,0,,IPEDS unitid=217819: No doctoral CS completions in any CS-family CIP code (2020-2024),,
College of Eastern Utah,Utah State University-College of Eastern Utah,230092,100.0,NO_PHD_PROGRAM,0,,IPEDS unitid=230092: No doctoral CS completions in any CS-family CIP code (2020-2024),,
College of the Holy Cross,College of the Holy Cross,166124,100.0,NO_PHD_PROGRAM,0,,IPEDS unitid=166124: No doctoral CS completions in any CS-family CIP code (2020-2024),,
College of Idaho,The College of Idaho,142294,100.0,NO_PHD_PROGRAM,0,,IPEDS unitid=142294: No doctoral CS completions in any CS-family CIP code (2020-2024),,
The College of Insurance,NO MATCH FOUND,,0,NEEDS_REVIEW,0,,No confident match found in IPEDS directory,,
The College of Metaphysical Studies,NO MATCH FOUND,,0,NEEDS_REVIEW,0,,No confident match found in IPEDS directory,,
College Misericordia,Misericordia University,214069,100.0,NO_PHD_VIA_WEB_RESOLVE,0,,Web-resolved: College Misericordia -> Misericordia University (renamed 2007) -> IPEDS unitid=214069,,College Misericordia -> Misericordia University (renamed 2007)
College of Mount Saint Joseph,Mount St. Joseph University,204200,100.0,NO_PHD_VIA_WEB_RESOLVE,0,,Web-resolved: College of Mount Saint Joseph -> Mount St. Joseph University (renamed 2014) -> IPEDS unitid=204200,,College of Mount Saint Joseph -> Mount St. Joseph University (renamed 2014)
College of Mount Saint Vincent,University of Mount Saint Vincent,193399,86.8,NO_PHD_PROGRAM,0,,IPEDS unitid=193399: No doctoral CS completions in any CS-family CIP code (2020-2024),,
The College of New Jersey,The College of New Jersey,187134,100.0,NO_PHD_PROGRAM,0,,IPEDS unitid=187134: No doctoral CS completions in any CS-family CIP code (2020-2024),,
College of New Rochelle,The College of New Rochelle,193645,100.0,NO_PHD_PROGRAM,0,,IPEDS unitid=193645: No doctoral CS completions in any CS-family CIP code (2020-2024),,
College of Notre Dame of Maryland,Notre Dame of Maryland University,163578,100.0,NO_PHD_VIA_WEB_RESOLVE,0,,Web-resolved: College of Notre Dame of Maryland -> Notre Dame of Maryland University (renamed 2011) -> IPEDS unitid=163578,,College of Notre Dame of Maryland -> Notre Dame of Maryland University (renamed 2011)
College of the Ozarks,College of the Ozarks,178697,100.0,NO_PHD_PROGRAM,0,,IPEDS unitid=178697: No doctoral CS completions in any CS-family CIP code (2020-2024),,
College of Saint Benedict,College of Saint Benedict,174747,100.0,NO_PHD_PROGRAM,0,,IPEDS unitid=174747: No doctoral CS completions in any CS-family CIP code (2020-2024),,
College of Saint Catherine,St Catherine University,175005,100.0,NO_PHD_VIA_WEB_RESOLVE,0,,Web-resolved: College of Saint Catherine -> St. Catherine University (renamed 2009) -> IPEDS unitid=175005,,College of Saint Catherine -> St. Catherine University (renamed 2009)
College of Saint Elizabeth,The College of Saint Rose,195234,92.3,NO_PHD_PROGRAM,0,,IPEDS unitid=195234: No doctoral CS completions in any CS-family CIP code (2020-2024),,
College of Saint Joseph,Calumet College of Saint Joseph,150172,100.0,NO_PHD_PROGRAM,0,,IPEDS unitid=150172: No doctoral CS completions in any CS-family CIP code (2020-2024),,
College of Saint Mary,College of Saint Mary,181604,100.0,NO_PHD_PROGRAM,0,,IPEDS unitid=181604: No doctoral CS completions in any CS-family CIP code (2020-2024),,
College of Saint Scholastica,The College of Saint Scholastica,174899,100.0,NO_PHD_PROGRAM,0,,IPEDS unitid=174899: No doctoral CS completions in any CS-family CIP code (2020-2024),,
The College of Saint Thomas More,NO MATCH FOUND,,0,NEEDS_REVIEW,0,,No confident match found in IPEDS directory,,
The College of Saint Rose,The College of Saint Rose,195234,100.0,NO_PHD_PROGRAM,0,,IPEDS unitid=195234: No doctoral CS completions in any CS-family CIP code (2020-2024),,
The College of Santa Fe,Santa Fe College,137096,91.4,NO_PHD_PROGRAM,0,,IPEDS unitid=137096: No doctoral CS completions in any CS-family CIP code (2020-2024),,
College of William and Mary,William & Mary,231624,100.0,CONFIRMED,42,11.0101 (11.0101): 42 PhDs,"IPEDS unitid=231624, CIP codes: 11.0101",,
The College of Wooster,The College of Wooster,206589,100.0,NO_PHD_PROGRAM,0,,IPEDS unitid=206589: No doctoral CS completions in any CS-family CIP code (2020-2024),,
Colorado Christian University,Colorado Christian University,126669,100.0,NO_PHD_PROGRAM,0,,IPEDS unitid=126669: No doctoral CS completions in any CS-family CIP code (2020-2024),,
Colorado College,Colorado College,126678,100.0,NO_PHD_PROGRAM,0,,IPEDS unitid=126678: No doctoral CS completions in any CS-family CIP code (2020-2024),,
Colorado School of Mines,Colorado School of Mines,126775,100.0,CONFIRMED,24,11.0701 (11.0701): 24 PhDs,"IPEDS unitid=126775, CIP codes: 11.0701",,
Colorado State University,Colorado State University Global,476975,100.0,NO_PHD_PROGRAM,0,,IPEDS unitid=476975: No doctoral CS completions in any CS-family CIP code (2020-2024),,
Colorado State - Pueblo,Colorado State University Global,476975,82.1,NEEDS_REVIEW,0,,IPEDS unitid=476975: No doctoral CS completions in any CS-family CIP code (2020-2024) [match score 82 < threshold 85],,
Colorado Technical University,Colorado Technical University-Greenwood Village,430087,100.0,NO_PHD_PROGRAM,0,,IPEDS unitid=430087: No doctoral CS completions in any CS-family CIP code (2020-2024),,
Columbia College,Columbia College,177065,100.0,NO_PHD_PROGRAM,0,,IPEDS unitid=177065: No doctoral CS completions in any CS-family CIP code (2020-2024),,
"Columbia College, South Carolina",Columbia College,177065,100.0,NO_PHD_PROGRAM,0,,IPEDS unitid=177065: No doctoral CS completions in any CS-family CIP code (2020-2024),,
Columbia College of Missouri,Columbia College,177065,100.0,NO_PHD_PROGRAM,0,,IPEDS unitid=177065: No doctoral CS completions in any CS-family CIP code (2020-2024),,
Columbia International University,Columbia International University,217925,100.0,NO_PHD_PROGRAM,0,,IPEDS unitid=217925: No doctoral CS completions in any CS-family CIP code (2020-2024),,
Columbia Southern University,Columbia Southern University,450933,100.0,NO_PHD_PROGRAM,0,,IPEDS unitid=450933: No doctoral CS completions in any CS-family CIP code (2020-2024),,
Columbia Union College,Union College,196866,100.0,NO_PHD_PROGRAM,0,,IPEDS unitid=196866: No doctoral CS completions in any CS-family CIP code (2020-2024),,
Columbia University,Columbia University in the City of New York,190150,100.0,CONFIRMED,109,11.0701 (11.0701): 109 PhDs,"IPEDS unitid=190150, CIP codes: 11.0701",,
Columbus College of Art and Design,Columbus College of Art & Design,202170,100.0,NO_PHD_VIA_RENAME,0,,Renamed match via pattern 'Ampersand swap (and -> &)': IPEDS unitid=202170,Ampersand swap (and -> &),
Columbus State University,Columbus State University,139366,100.0,NO_PHD_PROGRAM,0,,IPEDS unitid=139366: No doctoral CS completions in any CS-family CIP code (2020-2024),,
Concord College,Concord University,237330,100.0,NO_PHD_VIA_RENAME,0,,Renamed match via pattern 'College->University': IPEDS unitid=237330,College->University,
"Concordia College, Ann Arbor Michigan",Concordia College,190248,100.0,NO_PHD_PROGRAM,0,,IPEDS unitid=190248: No doctoral CS completions in any CS-family CIP code (2020-2024),,
"Concordia College, Austin Texas",Concordia College,190248,100.0,NO_PHD_PROGRAM,0,,IPEDS unitid=190248: No doctoral CS completions in any CS-family CIP code (2020-2024),,
"Concordia College, Bronxville, New York",Concordia College,190248,100.0,NO_PHD_PROGRAM,0,,IPEDS unitid=190248: No doctoral CS completions in any CS-family CIP code (2020-2024),,
"Concordia College, Moorhead Minnesota",Concordia College,190248,100.0,NO_PHD_PROGRAM,0,,IPEDS unitid=190248: No doctoral CS completions in any CS-family CIP code (2020-2024),,
"Concordia College, Saint Paul Minnesota",Concordia College,190248,100.0,NO_PHD_PROGRAM,0,,IPEDS unitid=190248: No doctoral CS completions in any CS-family CIP code (2020-2024),,
"Concordia College, Selma Alabama",Concordia College,190248,100.0,NO_PHD_PROGRAM,0,,IPEDS unitid=190248: No doctoral CS completions in any CS-family CIP code (2020-2024),,
"Concordia College, Seward Nebraska",Concordia College,190248,100.0,NO_PHD_PROGRAM,0,,IPEDS unitid=190248: No doctoral CS completions in any CS-family CIP code (2020-2024),,
"Concordia University, Irvine California",Concordia University-Irvine,112075,96.3,NO_PHD_PROGRAM,0,,IPEDS unitid=112075: No doctoral CS completions in any CS-family CIP code (2020-2024),,
"Concordia University, Mequon Wisconsin",Concordia University Texas,224004,89.8,NO_PHD_PROGRAM,0,,IPEDS unitid=224004: No doctoral CS completions in any CS-family CIP code (2020-2024),,
"Concordia University, Portland Oregon",Concordia University-Portland,208488,96.6,NO_PHD_PROGRAM,0,,IPEDS unitid=208488: No doctoral CS completions in any CS-family CIP code (2020-2024),,
"Concordia University, Chicago",Concordia University-Chicago,144351,96.4,NO_PHD_PROGRAM,0,,IPEDS unitid=144351: No doctoral CS completions in any CS-family CIP code (2020-2024),,
Connecticut College,Connecticut College,128902,100.0,NO_PHD_PROGRAM,0,,IPEDS unitid=128902: No doctoral CS completions in any CS-family CIP code (2020-2024),,
Converse College,Converse University,217961,100.0,NO_PHD_VIA_RENAME,0,,Renamed match via pattern 'College->University': IPEDS unitid=217961,College->University,
Conway School of Landscape Design,Conway School of Landscape Design,165495,100.0,NO_PHD_PROGRAM,0,,IPEDS unitid=165495: No doctoral CS completions in any CS-family CIP code (2020-2024),,
Cooper Union for the Advancement of Science and Art,The Cooper Union for the Advancement of Science and Art,190372,100.0,NO_PHD_PROGRAM,0,,IPEDS unitid=190372: No doctoral CS completions in any CS-family CIP code (2020-2024),,
Coppin State College,Coppin State University,162283,100.0,NO_PHD_VIA_RENAME,0,,Renamed match via pattern 'College->University': IPEDS unitid=162283,College->University,
"Cornell College, Iowa",Cornell College,153162,100.0,NO_PHD_PROGRAM,0,,IPEDS unitid=153162: No doctoral CS completions in any CS-family CIP code (2020-2024),,
Corcoran College of Art + Design,Corcoran College of Art and Design,131308,93.9,NO_PHD_PROGRAM,0,,IPEDS unitid=131308: No doctoral CS completions in any CS-family CIP code (2020-2024),,
Cornell University,Cornell University,190415,100.0,CONFIRMED,172,11.0103 (11.0103): 44 PhDs; 11.0701 (11.0701): 128 PhDs,"IPEDS unitid=190415, CIP codes: 11.0103, 11.0701",,
Cornerstone University,Cornerstone University,170037,100.0,NO_PHD_PROGRAM,0,,IPEDS unitid=170037: No doctoral CS completions in any CS-family CIP code (2020-2024),,
Cornish College of the Arts,Cornish College of the Arts,235024,100.0,NO_PHD_PROGRAM,0,,IPEDS unitid=235024: No doctoral CS completions in any CS-family CIP code (2020-2024),,
Cottey College,Cottey College,177117,100.0,NO_PHD_PROGRAM,0,,IPEDS unitid=177117: No doctoral CS completions in any CS-family CIP code (2020-2024),,
Covenant College,Covenant College,139393,100.0,NO_PHD_PROGRAM,0,,IPEDS unitid=139393: No doctoral CS completions in any CS-family CIP code (2020-2024),,
Creighton University,Creighton University,181002,100.0,NO_PHD_PROGRAM,0,,IPEDS unitid=181002: No doctoral CS completions in any CS-family CIP code (2020-2024),,
Crichton College,NO MATCH FOUND,,0,NEEDS_REVIEW,0,,No confident match found in IPEDS directory,,
Crossroads College,Crossroads College,174206,100.0,NO_PHD_PROGRAM,0,,IPEDS unitid=174206: No doctoral CS completions in any CS-family CIP code (2020-2024),,
Crown College,Crown College,174862,100.0,NO_PHD_PROGRAM,0,,IPEDS unitid=174862: No doctoral CS completions in any CS-family CIP code (2020-2024),,
Culver-Stockton College,Culver-Stockton College,177144,100.0,NO_PHD_PROGRAM,0,,IPEDS unitid=177144: No doctoral CS completions in any CS-family CIP code (2020-2024),,
Cumberland College,Cumberland University,219949,100.0,NO_PHD_VIA_RENAME,0,,Renamed match via pattern 'College->University': IPEDS unitid=219949,College->University,
Cumberland University,Cumberland University,219949,100.0,NO_PHD_PROGRAM,0,,IPEDS unitid=219949: No doctoral CS completions in any CS-family CIP code (2020-2024),,
Curry College,Curry College,165529,100.0,NO_PHD_PROGRAM,0,,IPEDS unitid=165529: No doctoral CS completions in any CS-family CIP code (2020-2024),,
Cypress College,Cypress College,113236,100.0,NO_PHD_PROGRAM,0,,IPEDS unitid=113236: No doctoral CS completions in any CS-family CIP code (2020-2024),,
Daemen College,Daemen University,190725,100.0,NO_PHD_VIA_RENAME,0,,Renamed match via pattern 'College->University': IPEDS unitid=190725,College->University,
Dakota State University,Dakota State University,219082,100.0,CONFIRMED,83,11.0101 (11.0101): 2 PhDs; 11.0401 (11.0401): 32 PhDs; 11.1003 (11.1003): 49 PhDs,"IPEDS unitid=219082, CIP codes: 11.0101, 11.0401, 11.1003",,
Dakota Wesleyan University,Dakota Wesleyan University,219091,100.0,NO_PHD_PROGRAM,0,,IPEDS unitid=219091: No doctoral CS completions in any CS-family CIP code (2020-2024),,
Dallas Baptist University,Dallas Baptist University,224226,100.0,NO_PHD_PROGRAM,0,,IPEDS unitid=224226: No doctoral CS completions in any CS-family CIP code (2020-2024),,
Dallas Theological Seminary,Dallas Theological Seminary,224305,100.0,NO_PHD_PROGRAM,0,,IPEDS unitid=224305: No doctoral CS completions in any CS-family CIP code (2020-2024),,
Dana College,Texarkana College,228699,95.7,NO_PHD_PROGRAM,0,,IPEDS unitid=228699: No doctoral CS completions in any CS-family CIP code (2020-2024),,
Daniel Webster College,Daniel Webster College,182661,100.0,NO_PHD_PROGRAM,0,,IPEDS unitid=182661: No doctoral CS completions in any CS-family CIP code (2020-2024),,
Dartmouth College,Dartmouth College,182670,100.0,CONFIRMED,47,11.0701 (11.0701): 47 PhDs,"IPEDS unitid=182670, CIP codes: 11.0701",,
Davenport College,Davenport University,169479,100.0,NO_PHD_VIA_RENAME,0,,Renamed match via pattern 'College->University': IPEDS unitid=169479,College->University,
Davidson College,Davidson College,198385,100.0,NO_PHD_PROGRAM,0,,IPEDS unitid=198385: No doctoral CS completions in any CS-family CIP code (2020-2024),,
Davis and Elkins College,Davis & Elkins College,237358,100.0,NO_PHD_VIA_RENAME,0,,Renamed match via pattern 'Ampersand swap (and -> &)': IPEDS unitid=237358,Ampersand swap (and -> &),
Davis College,Davis College,202435,100.0,NO_PHD_PROGRAM,0,,IPEDS unitid=202435: No doctoral CS completions in any CS-family CIP code (2020-2024),,
Dawson College,NO MATCH FOUND,,0,NEEDS_REVIEW,0,,No confident match found in IPEDS directory,,
Dean College,Dean College,165574,100.0,NO_PHD_PROGRAM,0,,IPEDS unitid=165574: No doctoral CS completions in any CS-family CIP code (2020-2024),,
Deep Springs College,NO MATCH FOUND,,0,NEEDS_REVIEW,0,,No confident match found in IPEDS directory,,
Defiance College,Defiance College,202514,100.0,NO_PHD_PROGRAM,0,,IPEDS unitid=202514: No doctoral CS completions in any CS-family CIP code (2020-2024),,
Delaware State University,Delaware State University,130934,100.0,NO_PHD_PROGRAM,0,,IPEDS unitid=130934: No doctoral CS completions in any CS-family CIP code (2020-2024),,
Delaware Valley College,Key College,134422,95.2,NO_PHD_PROGRAM,0,,IPEDS unitid=134422: No doctoral CS completions in any CS-family CIP code (2020-2024),,
Delta College,Delta College,169521,100.0,NO_PHD_PROGRAM,0,,IPEDS unitid=169521: No doctoral CS completions in any CS-family CIP code (2020-2024),,
Delta State University,Delta State University,175616,100.0,NO_PHD_PROGRAM,0,,IPEDS unitid=175616: No doctoral CS completions in any CS-family CIP code (2020-2024),,
Denison University,Denison University,202523,100.0,NO_PHD_PROGRAM,0,,IPEDS unitid=202523: No doctoral CS completions in any CS-family CIP code (2020-2024),,
Denver Seminary,Denver Seminary,126979,100.0,NO_PHD_PROGRAM,0,,IPEDS unitid=126979: No doctoral CS completions in any CS-family CIP code (2020-2024),,
DePaul University,DePaul University,144740,100.0,CONFIRMED,19,11.0104 (11.0104): 2 PhDs; 11.0701 (11.0701): 17 PhDs,"IPEDS unitid=144740, CIP codes: 11.0104, 11.0701",,
DePauw University,DePauw University,150400,100.0,NO_PHD_PROGRAM,0,,IPEDS unitid=150400: No doctoral CS completions in any CS-family CIP code (2020-2024),,
DeSales University,DeSales University,210739,100.0,NO_PHD_PROGRAM,0,,IPEDS unitid=210739: No doctoral CS completions in any CS-family CIP code (2020-2024),,
DeVry University,DeVry University-Illinois,482477,100.0,NO_PHD_PROGRAM,0,,IPEDS unitid=482477: No doctoral CS completions in any CS-family CIP code (2020-2024),,
"DeVry University, Columbus",NO MATCH FOUND,,0,NEEDS_REVIEW,0,,No confident match found in IPEDS directory,,
Diablo Valley College,Diablo Valley College,113634,100.0,NO_PHD_PROGRAM,0,,IPEDS unitid=113634: No doctoral CS completions in any CS-family CIP code (2020-2024),,
Dickinson College,Dickinson College,212009,100.0,NO_PHD_PROGRAM,0,,IPEDS unitid=212009: No doctoral CS completions in any CS-family CIP code (2020-2024),,
Dickinson State University,Dickinson State University,200059,100.0,NO_PHD_PROGRAM,0,,IPEDS unitid=200059: No doctoral CS completions in any CS-family CIP code (2020-2024),,
Digital Media Arts College,Digital Media Arts College,451060,100.0,NO_PHD_PROGRAM,0,,IPEDS unitid=451060: No doctoral CS completions in any CS-family CIP code (2020-2024),,
Dillard University,Dillard University,158802,100.0,NO_PHD_PROGRAM,0,,IPEDS unitid=158802: No doctoral CS completions in any CS-family CIP code (2020-2024),,
Dixie State College,Utah Tech University,230171,100.0,NO_PHD_VIA_WEB_RESOLVE,0,,Web-resolved: Dixie State College -> Utah Tech University (renamed 2022) -> IPEDS unitid=230171,,Dixie State College -> Utah Tech University (renamed 2022)
Doane College,Lane College,220598,95.7,NO_PHD_PROGRAM,0,,IPEDS unitid=220598: No doctoral CS completions in any CS-family CIP code (2020-2024),,
Dominican College,Dominican University,148496,100.0,NO_PHD_VIA_RENAME,0,,Renamed match via pattern 'College->University': IPEDS unitid=148496,College->University,
Dominican University,Dominican University,148496,100.0,NO_PHD_PROGRAM,0,,IPEDS unitid=148496: No doctoral CS completions in any CS-family CIP code (2020-2024),,
Dominican University of California,Dominican University of California,113698,100.0,NO_PHD_PROGRAM,0,,IPEDS unitid=113698: No doctoral CS completions in any CS-family CIP code (2020-2024),,
Dordt College,Dordt University,153250,100.0,NO_PHD_VIA_RENAME,0,,Renamed match via pattern 'College->University': IPEDS unitid=153250,College->University,
Dowling College,Dowling College,190770,100.0,NO_PHD_PROGRAM,0,,IPEDS unitid=190770: No doctoral CS completions in any CS-family CIP code (2020-2024),,
Drake University,Drake University,153269,100.0,NO_PHD_PROGRAM,0,,IPEDS unitid=153269: No doctoral CS completions in any CS-family CIP code (2020-2024),,
Drew University,Drew University,184348,100.0,NO_PHD_PROGRAM,0,,IPEDS unitid=184348: No doctoral CS completions in any CS-family CIP code (2020-2024),,
Drexel University,Drexel University,212054,100.0,CONFIRMED,52,11.0401 (11.0401): 30 PhDs; 11.0701 (11.0701): 19 PhDs; 11.0801 (11.0801): 3 PhDs,"IPEDS unitid=212054, CIP codes: 11.0401, 11.0701, 11.0801",,
Drury University,Drury University,177214,100.0,NO_PHD_PROGRAM,0,,IPEDS unitid=177214: No doctoral CS completions in any CS-family CIP code (2020-2024),,
Duke University,Duke University,198419,100.0,CONFIRMED,59,11.0701 (11.0701): 59 PhDs,"IPEDS unitid=198419, CIP codes: 11.0701",,
Duquesne University,Duquesne University,212106,100.0,NO_PHD_PROGRAM,0,,IPEDS unitid=212106: No doctoral CS completions in any CS-family CIP code (2020-2024),,
D'Youville College,Lee College,226204,95.2,NO_PHD_PROGRAM,0,,IPEDS unitid=226204: No doctoral CS completions in any CS-family CIP code (2020-2024),,
Earlham College,Earlham College,150455,100.0,NO_PHD_PROGRAM,0,,IPEDS unitid=150455: No doctoral CS completions in any CS-family CIP code (2020-2024),,
East Carolina University,East Carolina University,198464,100.0,NO_PHD_PROGRAM,0,,IPEDS unitid=198464: No doctoral CS completions in any CS-family CIP code (2020-2024),,
"East Central University, Ada Oklahoma",East Central University,207041,100.0,NO_PHD_PROGRAM,0,,IPEDS unitid=207041: No doctoral CS completions in any CS-family CIP code (2020-2024),,
East Stroudsburg State University,East Stroudsburg University of Pennsylvania,212115,100.0,NO_PHD_VIA_WEB_RESOLVE,0,,Web-resolved: East Stroudsburg State University -> East Stroudsburg University of Pennsylvania (renamed 1983) -> IPEDS unitid=212115,,East Stroudsburg State University -> East Stroudsburg University of Pennsylvania (renamed 1983)
East Tennessee State University,East Tennessee State University,220075,100.0,NO_PHD_PROGRAM,0,,IPEDS unitid=220075: No doctoral CS completions in any CS-family CIP code (2020-2024),,
East Texas Baptist University,East Texas Baptist University,224527,100.0,NO_PHD_PROGRAM,0,,IPEDS unitid=224527: No doctoral CS completions in any CS-family CIP code (2020-2024),,
East-West University,East-West University,490850,100.0,NO_PHD_PROGRAM,0,,IPEDS unitid=490850: No doctoral CS completions in any CS-family CIP code (2020-2024),,
Eastern College,Southeastern College-Charleston,443261,100.0,NO_PHD_PROGRAM,0,,IPEDS unitid=443261: No doctoral CS completions in any CS-family CIP code (2020-2024),,
Eastern Connecticut State University,Eastern Connecticut State University,129215,100.0,NO_PHD_PROGRAM,0,,IPEDS unitid=129215: No doctoral CS completions in any CS-family CIP code (2020-2024),,
Eastern Illinois University,Eastern Illinois University,144892,100.0,NO_PHD_PROGRAM,0,,IPEDS unitid=144892: No doctoral CS completions in any CS-family CIP code (2020-2024),,
Eastern Kentucky University,Eastern Kentucky University,156620,100.0,NO_PHD_PROGRAM,0,,IPEDS unitid=156620: No doctoral CS completions in any CS-family CIP code (2020-2024),,
Eastern Mennonite University,Eastern Mennonite University,232043,100.0,NO_PHD_PROGRAM,0,,IPEDS unitid=232043: No doctoral CS completions in any CS-family CIP code (2020-2024),,
Eastern Michigan University,Eastern Michigan University,169798,100.0,NO_PHD_PROGRAM,0,,IPEDS unitid=169798: No doctoral CS completions in any CS-family CIP code (2020-2024),,
Eastern Nazarene College,Eastern Nazarene College,165644,100.0,NO_PHD_PROGRAM,0,,IPEDS unitid=165644: No doctoral CS completions in any CS-family CIP code (2020-2024),,
Eastern New Mexico University,Eastern New Mexico University-Roswell Campus,187666,100.0,NO_PHD_PROGRAM,0,,IPEDS unitid=187666: No doctoral CS completions in any CS-family CIP code (2020-2024),,
Eastern Oregon University,Eastern Oregon University,208646,100.0,NO_PHD_PROGRAM,0,,IPEDS unitid=208646: No doctoral CS completions in any CS-family CIP code (2020-2024),,
Eastern Washington University,Eastern Washington University,235097,100.0,NO_PHD_PROGRAM,0,,IPEDS unitid=235097: No doctoral CS completions in any CS-family CIP code (2020-2024),,
Eckerd College,Eckerd College,133492,100.0,NO_PHD_PROGRAM,0,,IPEDS unitid=133492: No doctoral CS completions in any CS-family CIP code (2020-2024),,
Edgewood College,Edgewood College,238661,100.0,NO_PHD_PROGRAM,0,,IPEDS unitid=238661: No doctoral CS completions in any CS-family CIP code (2020-2024),,
Edinboro University of Pennsylvania,Edinboro University of Pennsylvania,212160,100.0,NO_PHD_PROGRAM,0,,IPEDS unitid=212160: No doctoral CS completions in any CS-family CIP code (2020-2024),,
Edward Waters College,Edward Waters University,133526,100.0,NO_PHD_VIA_RENAME,0,,Renamed match via pattern 'College->University': IPEDS unitid=133526,College->University,
Elizabeth City State University,Elizabeth City State University,198507,100.0,NO_PHD_PROGRAM,0,,IPEDS unitid=198507: No doctoral CS completions in any CS-family CIP code (2020-2024),,
Elizabethtown College,Elizabethtown College,212197,100.0,NO_PHD_PROGRAM,0,,IPEDS unitid=212197: No doctoral CS completions in any CS-family CIP code (2020-2024),,
Elmhurst College,Rust College,176318,95.7,NO_PHD_PROGRAM,0,,IPEDS unitid=176318: No doctoral CS completions in any CS-family CIP code (2020-2024),,
Elmira College,Elmira College,190983,100.0,NO_PHD_PROGRAM,0,,IPEDS unitid=190983: No doctoral CS completions in any CS-family CIP code (2020-2024),,
Elms College,Helms College,481155,100.0,NO_PHD_PROGRAM,0,,IPEDS unitid=481155: No doctoral CS completions in any CS-family CIP code (2020-2024),,
Elon University,Elon University,198516,100.0,NO_PHD_PROGRAM,0,,IPEDS unitid=198516: No doctoral CS completions in any CS-family CIP code (2020-2024),,
Embry-Riddle Aeronautical University,Embry-Riddle Aeronautical University-Prescott,104586,100.0,NO_PHD_PROGRAM,0,,IPEDS unitid=104586: No doctoral CS completions in any CS-family CIP code (2020-2024),,
Emerson College,Emerson College,165662,100.0,NO_PHD_PROGRAM,0,,IPEDS unitid=165662: No doctoral CS completions in any CS-family CIP code (2020-2024),,
Emmanuel College,Emmanuel College,165671,100.0,NO_PHD_PROGRAM,0,,IPEDS unitid=165671: No doctoral CS completions in any CS-family CIP code (2020-2024),,
Emmaus Bible College,Emmaus Bible College,153302,100.0,NO_PHD_PROGRAM,0,,IPEDS unitid=153302: No doctoral CS completions in any CS-family CIP code (2020-2024),,
Emory University,Emory University,139658,100.0,CONFIRMED,52,11.0701 (11.0701): 52 PhDs,"IPEDS unitid=139658, CIP codes: 11.0701",,
Emory & Henry College,Key College,134422,90.0,NO_PHD_PROGRAM,0,,IPEDS unitid=134422: No doctoral CS completions in any CS-family CIP code (2020-2024),,
Empire State College,Empire State University,196264,100.0,NO_PHD_VIA_RENAME,0,,Renamed match via pattern 'College->University': IPEDS unitid=196264,College->University,
Emporia State University,Emporia State University,155025,100.0,NO_PHD_PROGRAM,0,,IPEDS unitid=155025: No doctoral CS completions in any CS-family CIP code (2020-2024),,
Endicott College,Endicott College,165699,100.0,NO_PHD_PROGRAM,0,,IPEDS unitid=165699: No doctoral CS completions in any CS-family CIP code (2020-2024),,
Erskine College,Erskine College,217998,100.0,NO_PHD_PROGRAM,0,,IPEDS unitid=217998: No doctoral CS completions in any CS-family CIP code (2020-2024),,
Eureka College,Eureka College,144971,100.0,NO_PHD_PROGRAM,0,,IPEDS unitid=144971: No doctoral CS completions in any CS-family CIP code (2020-2024),,
Evangel University,Evangel University,177339,100.0,NO_PHD_PROGRAM,0,,IPEDS unitid=177339: No doctoral CS completions in any CS-family CIP code (2020-2024),,
Everglades University,Everglades University,385619,100.0,NO_PHD_PROGRAM,0,,IPEDS unitid=385619: No doctoral CS completions in any CS-family CIP code (2020-2024),,
Evergreen State College,The Evergreen State College,235167,100.0,NO_PHD_PROGRAM,0,,IPEDS unitid=235167: No doctoral CS completions in any CS-family CIP code (2020-2024),,
Excelsior College,Excelsior University,196680,100.0,NO_PHD_VIA_RENAME,0,,Renamed match via pattern 'College->University': IPEDS unitid=196680,College->University,
Fairfield University,Fairfield University,129242,100.0,NO_PHD_PROGRAM,0,,IPEDS unitid=129242: No doctoral CS completions in any CS-family CIP code (2020-2024),,
Fairleigh Dickinson University,Fairleigh Dickinson University-Florham Campus,184694,100.0,NO_PHD_PROGRAM,0,,IPEDS unitid=184694: No doctoral CS completions in any CS-family CIP code (2020-2024),,
Fairmont State College,Fairmont State University,237367,100.0,NO_PHD_VIA_RENAME,0,,Renamed match via pattern 'College->University': IPEDS unitid=237367,College->University,
Faith Baptist Bible College and Theological Seminary,Faith Baptist Bible College and Theological Seminary,153320,100.0,NO_PHD_PROGRAM,0,,IPEDS unitid=153320: No doctoral CS completions in any CS-family CIP code (2020-2024),,
Faulkner University,Faulkner University,101189,100.0,NO_PHD_PROGRAM,0,,IPEDS unitid=101189: No doctoral CS completions in any CS-family CIP code (2020-2024),,
Fayetteville State University,Fayetteville State University,198543,100.0,NO_PHD_PROGRAM,0,,IPEDS unitid=198543: No doctoral CS completions in any CS-family CIP code (2020-2024),,
Felician College,Felician University,184612,100.0,NO_PHD_VIA_RENAME,0,,Renamed match via pattern 'College->University': IPEDS unitid=184612,College->University,
Ferris State University,Ferris State University,169910,100.0,NO_PHD_PROGRAM,0,,IPEDS unitid=169910: No doctoral CS completions in any CS-family CIP code (2020-2024),,
Ferrum College,Ferrum College,232089,100.0,NO_PHD_PROGRAM,0,,IPEDS unitid=232089: No doctoral CS completions in any CS-family CIP code (2020-2024),,
Fielding Graduate University,Fielding Graduate University,114549,100.0,NO_PHD_PROGRAM,0,,IPEDS unitid=114549: No doctoral CS completions in any CS-family CIP code (2020-2024),,
Finch University of Health Sciences/The Chicago Medical School,NUC University,242972,92.9,NO_PHD_PROGRAM,0,,IPEDS unitid=242972: No doctoral CS completions in any CS-family CIP code (2020-2024),,
Finlandia University,Finlandia University,172440,100.0,NO_PHD_PROGRAM,0,,IPEDS unitid=172440: No doctoral CS completions in any CS-family CIP code (2020-2024),,
Fisk University,Fisk University,220181,100.0,NO_PHD_PROGRAM,0,,IPEDS unitid=220181: No doctoral CS completions in any CS-family CIP code (2020-2024),,
Fitchburg State College,Fitchburg State University,165820,100.0,NO_PHD_VIA_RENAME,0,,Renamed match via pattern 'College->University': IPEDS unitid=165820,College->University,
Flagler College,Flagler College,133711,100.0,NO_PHD_PROGRAM,0,,IPEDS unitid=133711: No doctoral CS completions in any CS-family CIP code (2020-2024),,
Florida A & M University,NUC University,242972,88.0,NO_PHD_PROGRAM,0,,IPEDS unitid=242972: No doctoral CS completions in any CS-family CIP code (2020-2024),,
Florida Atlantic University,Florida Atlantic University,133669,100.0,CONFIRMED,46,11.0101 (11.0101): 34 PhDs; 14.0901 (14.0901): 12 PhDs,"IPEDS unitid=133669, CIP codes: 11.0101, 14.0901",,
Florida Christian College,NO MATCH FOUND,,0,NEEDS_REVIEW,0,,No confident match found in IPEDS directory,,
Florida College,Florida College,133809,100.0,NO_PHD_PROGRAM,0,,IPEDS unitid=133809: No doctoral CS completions in any CS-family CIP code (2020-2024),,
Florida Gulf Coast University,Florida Gulf Coast University,433660,100.0,NO_PHD_PROGRAM,0,,IPEDS unitid=433660: No doctoral CS completions in any CS-family CIP code (2020-2024),,
Florida Institute of Technology,Florida Institute of Technology,133881,100.0,CONFIRMED,39,11.0701 (11.0701): 21 PhDs; 14.0901 (14.0901): 18 PhDs,"IPEDS unitid=133881, CIP codes: 11.0701, 14.0901",,
Florida International University,Florida International University,133951,100.0,CONFIRMED,55,11.0101 (11.0101): 55 PhDs,"IPEDS unitid=133951, CIP codes: 11.0101",,
Florida Memorial College,Florida Memorial University,133979,100.0,NO_PHD_VIA_RENAME,0,,Renamed match via pattern 'College->University': IPEDS unitid=133979,College->University,
Florida Metropolitan University,NO MATCH FOUND,,0,NEEDS_REVIEW,0,,No confident match found in IPEDS directory,,
Florida Southern College,Florida Southern College,134079,100.0,NO_PHD_PROGRAM,0,,IPEDS unitid=134079: No doctoral CS completions in any CS-family CIP code (2020-2024),,
Florida State University,Florida State University,134097,100.0,CONFIRMED,68,11.0101 (11.0101): 44 PhDs; 11.0401 (11.0401): 24 PhDs,"IPEDS unitid=134097, CIP codes: 11.0101, 11.0401",,
Fontbonne University,Fontbonne University,177418,100.0,NO_PHD_PROGRAM,0,,IPEDS unitid=177418: No doctoral CS completions in any CS-family CIP code (2020-2024),,
Fordham University,Fordham University,191241,100.0,NO_PHD_PROGRAM,0,,IPEDS unitid=191241: No doctoral CS completions in any CS-family CIP code (2020-2024),,
Forest Institute of Professional Psychology,Forest Institute of Professional Psychology,177427,100.0,NO_PHD_PROGRAM,0,,IPEDS unitid=177427: No doctoral CS completions in any CS-family CIP code (2020-2024),,
Fort Hays State University,Fort Hays State University,155061,100.0,NO_PHD_PROGRAM,0,,IPEDS unitid=155061: No doctoral CS completions in any CS-family CIP code (2020-2024),,
Fort Lewis College,Fort Lewis College,127185,100.0,NO_PHD_PROGRAM,0,,IPEDS unitid=127185: No doctoral CS completions in any CS-family CIP code (2020-2024),,
Fort Valley State University,Fort Valley State University,139719,100.0,NO_PHD_PROGRAM,0,,IPEDS unitid=139719: No doctoral CS completions in any CS-family CIP code (2020-2024),,
Framingham State College,Framingham State University,165866,100.0,NO_PHD_VIA_RENAME,0,,Renamed match via pattern 'College->University': IPEDS unitid=165866,College->University,
Francis Marion University,Francis Marion University,218061,100.0,NO_PHD_PROGRAM,0,,IPEDS unitid=218061: No doctoral CS completions in any CS-family CIP code (2020-2024),,
Franciscan University of Steubenville,Franciscan University of Steubenville,205957,100.0,NO_PHD_PROGRAM,0,,IPEDS unitid=205957: No doctoral CS completions in any CS-family CIP code (2020-2024),,
Franklin and Marshall College,Franklin and Marshall College,212577,100.0,NO_PHD_PROGRAM,0,,IPEDS unitid=212577: No doctoral CS completions in any CS-family CIP code (2020-2024),,
Franklin College,Franklin College,150604,100.0,NO_PHD_PROGRAM,0,,IPEDS unitid=150604: No doctoral CS completions in any CS-family CIP code (2020-2024),,
Franklin Pierce University,Franklin Pierce University,182795,100.0,NO_PHD_PROGRAM,0,,IPEDS unitid=182795: No doctoral CS completions in any CS-family CIP code (2020-2024),,
Franklin Pierce Law Center,NO MATCH FOUND,,0,NEEDS_REVIEW,0,,No confident match found in IPEDS directory,,
Franklin University,Franklin University,202806,100.0,NO_PHD_PROGRAM,0,,IPEDS unitid=202806: No doctoral CS completions in any CS-family CIP code (2020-2024),,
Franklin W. Olin College of Engineering,Franklin W Olin College of Engineering,441982,100.0,NO_PHD_PROGRAM,0,,IPEDS unitid=441982: No doctoral CS completions in any CS-family CIP code (2020-2024),,
Freed-Hardeman University,Freed-Hardeman University,220215,100.0,NO_PHD_PROGRAM,0,,IPEDS unitid=220215: No doctoral CS completions in any CS-family CIP code (2020-2024),,
Freewill Baptist Bible College,Southeastern Free Will Baptist Bible College,233602,96.7,NO_PHD_PROGRAM,0,,IPEDS unitid=233602: No doctoral CS completions in any CS-family CIP code (2020-2024),,
Fresno Pacific University,Fresno Pacific University,114813,100.0,NO_PHD_PROGRAM,0,,IPEDS unitid=114813: No doctoral CS completions in any CS-family CIP code (2020-2024),,
Friends University,Friends University,155089,100.0,NO_PHD_PROGRAM,0,,IPEDS unitid=155089: No doctoral CS completions in any CS-family CIP code (2020-2024),,
Frostburg State University,Frostburg State University,162584,100.0,NO_PHD_PROGRAM,0,,IPEDS unitid=162584: No doctoral CS completions in any CS-family CIP code (2020-2024),,
Full Sail University,Full Sail University,134237,100.0,NO_PHD_PROGRAM,0,,IPEDS unitid=134237: No doctoral CS completions in any CS-family CIP code (2020-2024),,
Fuller Theological Seminary,Fuller Theological Seminary,114840,100.0,NO_PHD_PROGRAM,0,,IPEDS unitid=114840: No doctoral CS completions in any CS-family CIP code (2020-2024),,
Fullerton College,Fullerton College,114859,100.0,NO_PHD_PROGRAM,0,,IPEDS unitid=114859: No doctoral CS completions in any CS-family CIP code (2020-2024),,
Furman University,Furman University,218070,100.0,NO_PHD_PROGRAM,0,,IPEDS unitid=218070: No doctoral CS completions in any CS-family CIP code (2020-2024),,
Gallaudet University,Gallaudet University,131450,100.0,NO_PHD_PROGRAM,0,,IPEDS unitid=131450: No doctoral CS completions in any CS-family CIP code (2020-2024),,
Gannon University,Gannon University,212601,100.0,NO_PHD_PROGRAM,0,,IPEDS unitid=212601: No doctoral CS completions in any CS-family CIP code (2020-2024),,
Gardner-Webb University,Gardner-Webb University,198561,100.0,NO_PHD_PROGRAM,0,,IPEDS unitid=198561: No doctoral CS completions in any CS-family CIP code (2020-2024),,
Geneva College,Geneva College,212656,100.0,NO_PHD_PROGRAM,0,,IPEDS unitid=212656: No doctoral CS completions in any CS-family CIP code (2020-2024),,
George Fox University,George Fox University,208822,100.0,NO_PHD_PROGRAM,0,,IPEDS unitid=208822: No doctoral CS completions in any CS-family CIP code (2020-2024),,
George Mason University,George Mason University,232186,100.0,CONFIRMED,108,11.0101 (11.0101): 55 PhDs; 11.0103 (11.0103): 53 PhDs,"IPEDS unitid=232186, CIP codes: 11.0101, 11.0103",,
George Washington University,George Washington University,131469,100.0,CONFIRMED,69,11.0701 (11.0701): 51 PhDs; 14.0901 (14.0901): 18 PhDs,"IPEDS unitid=131469, CIP codes: 11.0701, 14.0901",,
Georgetown College,Georgetown College,156745,100.0,NO_PHD_PROGRAM,0,,IPEDS unitid=156745: No doctoral CS completions in any CS-family CIP code (2020-2024),,
Georgetown University,Georgetown University,131496,100.0,CONFIRMED,20,11.0701 (11.0701): 20 PhDs,"IPEDS unitid=131496, CIP codes: 11.0701",,
Georgian Court College,Georgian Court University,184773,100.0,NO_PHD_VIA_RENAME,0,,Renamed match via pattern 'College->University': IPEDS unitid=184773,College->University,
Georgia College and State University,Georgia College & State University,139861,94.3,NO_PHD_PROGRAM,0,,IPEDS unitid=139861: No doctoral CS completions in any CS-family CIP code (2020-2024),,
Georgia Institute of Technology,Georgia Institute of Technology-Main Campus,139755,100.0,CONFIRMED,305,11.0101 (11.0101): 229 PhDs; 11.0401 (11.0401): 27 PhDs; 11.0701 (11.0701): 43 PhDs; 11.0899 (11.0899): 6 PhDs,"IPEDS unitid=139755, CIP codes: 11.0101, 11.0401, 11.0701, 11.0899",,
Georgia Perimeter College,Georgia State University-Perimeter College,244437,100.0,NO_PHD_VIA_WEB_RESOLVE,0,,Web-resolved: Georgia Perimeter College -> Georgia State University-Perimeter College (merged 2016) -> IPEDS unitid=244437,,Georgia Perimeter College -> Georgia State University-Perimeter College (merged 2016)
Georgia Southern University,Georgia Southern University,139931,100.0,NO_PHD_PROGRAM,0,,IPEDS unitid=139931: No doctoral CS completions in any CS-family CIP code (2020-2024),,
Georgia Southwestern State University,Georgia Southwestern State University,139764,100.0,NO_PHD_PROGRAM,0,,IPEDS unitid=139764: No doctoral CS completions in any CS-family CIP code (2020-2024),,
Georgia State University,Georgia State University,139940,100.0,CONFIRMED,82,11.0101 (11.0101): 15 PhDs; 11.0701 (11.0701): 67 PhDs,"IPEDS unitid=139940, CIP codes: 11.0101, 11.0701",,
Gettysburg College,Gettysburg College,212674,100.0,NO_PHD_PROGRAM,0,,IPEDS unitid=212674: No doctoral CS completions in any CS-family CIP code (2020-2024),,
Globe University,Globe University-Sioux Falls,456807,100.0,NO_PHD_PROGRAM,0,,IPEDS unitid=456807: No doctoral CS completions in any CS-family CIP code (2020-2024),,
Glenville State College,Glenville State University,237385,100.0,NO_PHD_VIA_RENAME,0,,Renamed match via pattern 'College->University': IPEDS unitid=237385,College->University,
Globe Institute of Technology,Globe Institute of Technology,188465,100.0,NO_PHD_PROGRAM,0,,IPEDS unitid=188465: No doctoral CS completions in any CS-family CIP code (2020-2024),,
Goddard College,Goddard College,230889,100.0,NO_PHD_PROGRAM,0,,IPEDS unitid=230889: No doctoral CS completions in any CS-family CIP code (2020-2024),,
Golden Gate University,Golden Gate University,115083,100.0,NO_PHD_PROGRAM,0,,IPEDS unitid=115083: No doctoral CS completions in any CS-family CIP code (2020-2024),,
Golden State Baptist College,NO MATCH FOUND,,0,NEEDS_REVIEW,0,,No confident match found in IPEDS directory,,
Goldey-Beacom College,Goldey-Beacom College,130989,100.0,NO_PHD_PROGRAM,0,,IPEDS unitid=130989: No doctoral CS completions in any CS-family CIP code (2020-2024),,
Gonzaga University,Gonzaga University,235316,100.0,NO_PHD_PROGRAM,0,,IPEDS unitid=235316: No doctoral CS completions in any CS-family CIP code (2020-2024),,
Gooding Institute of Nurse Anesthesia,Gooding Institute of Nurse Anesthesia,132523,100.0,NO_PHD_PROGRAM,0,,IPEDS unitid=132523: No doctoral CS completions in any CS-family CIP code (2020-2024),,
Gordon College,Gordon College,165936,100.0,NO_PHD_PROGRAM,0,,IPEDS unitid=165936: No doctoral CS completions in any CS-family CIP code (2020-2024),,
Gordon-Conwell Theological Seminary,Gordon-Conwell Theological Seminary,165945,100.0,NO_PHD_PROGRAM,0,,IPEDS unitid=165945: No doctoral CS completions in any CS-family CIP code (2020-2024),,
Goshen College,Goshen College,150668,100.0,NO_PHD_PROGRAM,0,,IPEDS unitid=150668: No doctoral CS completions in any CS-family CIP code (2020-2024),,
Goucher College,Goucher College,162654,100.0,NO_PHD_PROGRAM,0,,IPEDS unitid=162654: No doctoral CS completions in any CS-family CIP code (2020-2024),,
Governors State University,Governors State University,145336,100.0,NO_PHD_PROGRAM,0,,IPEDS unitid=145336: No doctoral CS completions in any CS-family CIP code (2020-2024),,
Grace College,Grace College of Barbering,481377,100.0,NO_PHD_PROGRAM,0,,IPEDS unitid=481377: No doctoral CS completions in any CS-family CIP code (2020-2024),,
Grace University,Grace University,181093,100.0,NO_PHD_PROGRAM,0,,IPEDS unitid=181093: No doctoral CS completions in any CS-family CIP code (2020-2024),,
Graceland University,Graceland University-Lamoni,153366,100.0,NO_PHD_PROGRAM,0,,IPEDS unitid=153366: No doctoral CS completions in any CS-family CIP code (2020-2024),,
"The Graduate Center, City University of New York",NO MATCH FOUND,,0,NEEDS_REVIEW,0,,No confident match found in IPEDS directory,,
Grambling State University,Grambling State University,159009,100.0,NO_PHD_PROGRAM,0,,IPEDS unitid=159009: No doctoral CS completions in any CS-family CIP code (2020-2024),,
Grand Canyon University,Grand Canyon University,104717,100.0,NO_PHD_PROGRAM,0,,IPEDS unitid=104717: No doctoral CS completions in any CS-family CIP code (2020-2024),,
Grand Valley State University,Grand Valley State University,170082,100.0,NO_PHD_PROGRAM,0,,IPEDS unitid=170082: No doctoral CS completions in any CS-family CIP code (2020-2024),,
Grand View College,Grand View University,153375,100.0,NO_PHD_VIA_RENAME,0,,Renamed match via pattern 'College->University': IPEDS unitid=153375,College->University,
Granite State College,NO MATCH FOUND,,0,NEEDS_REVIEW,0,,No confident match found in IPEDS directory,,
Grantham University,NO MATCH FOUND,,0,NEEDS_REVIEW,0,,No confident match found in IPEDS directory,,
Great Lakes Maritime Academy,NO MATCH FOUND,,0,NEEDS_REVIEW,0,,No confident match found in IPEDS directory,,
Green Mountain College,Green Mountain College,230898,100.0,NO_PHD_PROGRAM,0,,IPEDS unitid=230898: No doctoral CS completions in any CS-family CIP code (2020-2024),,
Greenleaf University,NO MATCH FOUND,,0,NEEDS_REVIEW,0,,No confident match found in IPEDS directory,,
Greensboro College,Greensboro College,198598,100.0,NO_PHD_PROGRAM,0,,IPEDS unitid=198598: No doctoral CS completions in any CS-family CIP code (2020-2024),,
Greenville College,Lee College,226204,95.2,NO_PHD_PROGRAM,0,,IPEDS unitid=226204: No doctoral CS completions in any CS-family CIP code (2020-2024),,
Greenwich University,NO MATCH FOUND,,0,NEEDS_REVIEW,0,,No confident match found in IPEDS directory,,
Grinnell College,Grinnell College,153384,100.0,NO_PHD_PROGRAM,0,,IPEDS unitid=153384: No doctoral CS completions in any CS-family CIP code (2020-2024),,
Grove City College,Grove City College,212805,100.0,NO_PHD_PROGRAM,0,,IPEDS unitid=212805: No doctoral CS completions in any CS-family CIP code (2020-2024),,
Guilford College,Guilford College,198613,100.0,NO_PHD_PROGRAM,0,,IPEDS unitid=198613: No doctoral CS completions in any CS-family CIP code (2020-2024),,
"Gustavus Adolphus College, Saint Peter, Minnesota",Gustavus Adolphus College,173647,100.0,NO_PHD_PROGRAM,0,,IPEDS unitid=173647: No doctoral CS completions in any CS-family CIP code (2020-2024),,
Gutenberg College,NO MATCH FOUND,,0,NEEDS_REVIEW,0,,No confident match found in IPEDS directory,,
Gwynedd-Mercy College,Key College,134422,90.0,NO_PHD_PROGRAM,0,,IPEDS unitid=134422: No doctoral CS completions in any CS-family CIP code (2020-2024),,
Hamilton College,Hamilton College,191515,100.0,NO_PHD_PROGRAM,0,,IPEDS unitid=191515: No doctoral CS completions in any CS-family CIP code (2020-2024),,
Hamilton University,NO MATCH FOUND,,0,NEEDS_REVIEW,0,,No confident match found in IPEDS directory,,
Hamline University,Hamline University,173665,100.0,NO_PHD_PROGRAM,0,,IPEDS unitid=173665: No doctoral CS completions in any CS-family CIP code (2020-2024),,
Hampden-Sydney College,Hampden-Sydney College,232256,100.0,NO_PHD_PROGRAM,0,,IPEDS unitid=232256: No doctoral CS completions in any CS-family CIP code (2020-2024),,
Hampshire College,Hampshire College,166018,100.0,NO_PHD_PROGRAM,0,,IPEDS unitid=166018: No doctoral CS completions in any CS-family CIP code (2020-2024),,
Hampton University,Hampton University,232265,100.0,NO_PHD_PROGRAM,0,,IPEDS unitid=232265: No doctoral CS completions in any CS-family CIP code (2020-2024),,
Hannibal-LaGrange College,LaGrange College,140234,100.0,NO_PHD_PROGRAM,0,,IPEDS unitid=140234: No doctoral CS completions in any CS-family CIP code (2020-2024),,
Hanover College,Hanover College,150756,100.0,NO_PHD_PROGRAM,0,,IPEDS unitid=150756: No doctoral CS completions in any CS-family CIP code (2020-2024),,
Hardin-Simmons University,Hardin-Simmons University,225247,100.0,NO_PHD_PROGRAM,0,,IPEDS unitid=225247: No doctoral CS completions in any CS-family CIP code (2020-2024),,
Harding University,Harding University,107044,100.0,NO_PHD_PROGRAM,0,,IPEDS unitid=107044: No doctoral CS completions in any CS-family CIP code (2020-2024),,
Harrington College of Design,Harrington College of Design,145460,100.0,NO_PHD_PROGRAM,0,,IPEDS unitid=145460: No doctoral CS completions in any CS-family CIP code (2020-2024),,
Harris-Stowe State College,Harris-Stowe State University,177551,100.0,NO_PHD_VIA_RENAME,0,,Renamed match via pattern 'College->University': IPEDS unitid=177551,College->University,
Hartwick College,Hartwick College,191533,100.0,NO_PHD_PROGRAM,0,,IPEDS unitid=191533: No doctoral CS completions in any CS-family CIP code (2020-2024),,
Harvard University,Harvard University,166027,100.0,CONFIRMED,88,11.0701 (11.0701): 88 PhDs,"IPEDS unitid=166027, CIP codes: 11.0701",,
Harvey Mudd College,Harvey Mudd College,115409,100.0,NO_PHD_PROGRAM,0,,IPEDS unitid=115409: No doctoral CS completions in any CS-family CIP code (2020-2024),,
Haskell Indian Nations University,Haskell Indian Nations University,155140,100.0,NO_PHD_PROGRAM,0,,IPEDS unitid=155140: No doctoral CS completions in any CS-family CIP code (2020-2024),,
Hastings College,Hastings College,181127,100.0,NO_PHD_PROGRAM,0,,IPEDS unitid=181127: No doctoral CS completions in any CS-family CIP code (2020-2024),,
Haverford College,Haverford College,212911,100.0,NO_PHD_PROGRAM,0,,IPEDS unitid=212911: No doctoral CS completions in any CS-family CIP code (2020-2024),,
Hawaii Pacific University,Hawaii Pacific University,141644,100.0,NO_PHD_PROGRAM,0,,IPEDS unitid=141644: No doctoral CS completions in any CS-family CIP code (2020-2024),,
Hebrew College,Hebrew College,166045,100.0,NO_PHD_PROGRAM,0,,IPEDS unitid=166045: No doctoral CS completions in any CS-family CIP code (2020-2024),,
Heidelberg College,Heidelberg University,203085,100.0,NO_PHD_VIA_RENAME,0,,Renamed match via pattern 'College->University': IPEDS unitid=203085,College->University,
Henderson State Univerisity,Henderson State University,107071,98.1,NO_PHD_PROGRAM,0,,IPEDS unitid=107071: No doctoral CS completions in any CS-family CIP code (2020-2024),,
Hendrix College,Hendrix College,107080,100.0,NO_PHD_PROGRAM,0,,IPEDS unitid=107080: No doctoral CS completions in any CS-family CIP code (2020-2024),,
Henry Cogswell College,Wells College,197230,96.0,NO_PHD_PROGRAM,0,,IPEDS unitid=197230: No doctoral CS completions in any CS-family CIP code (2020-2024),,
Heritage University,Heritage University,235422,100.0,NO_PHD_PROGRAM,0,,IPEDS unitid=235422: No doctoral CS completions in any CS-family CIP code (2020-2024),,
Hesser College,NO MATCH FOUND,,0,NEEDS_REVIEW,0,,No confident match found in IPEDS directory,,
Hesston College,Hesston College,155177,100.0,NO_PHD_PROGRAM,0,,IPEDS unitid=155177: No doctoral CS completions in any CS-family CIP code (2020-2024),,
High Point University,High Point University,198695,100.0,NO_PHD_PROGRAM,0,,IPEDS unitid=198695: No doctoral CS completions in any CS-family CIP code (2020-2024),,
Hilbert College,Hilbert College,191621,100.0,NO_PHD_PROGRAM,0,,IPEDS unitid=191621: No doctoral CS completions in any CS-family CIP code (2020-2024),,
Hillsdale College,Hillsdale College,170286,100.0,NO_PHD_PROGRAM,0,,IPEDS unitid=170286: No doctoral CS completions in any CS-family CIP code (2020-2024),,
Hillsdale Freewill Baptist College,NO MATCH FOUND,,0,NEEDS_REVIEW,0,,No confident match found in IPEDS directory,,
Hiram College,Hiram College,203128,100.0,NO_PHD_PROGRAM,0,,IPEDS unitid=203128: No doctoral CS completions in any CS-family CIP code (2020-2024),,
Hobart and William Smith Colleges,Smith College,167835,100.0,NO_PHD_PROGRAM,0,,IPEDS unitid=167835: No doctoral CS completions in any CS-family CIP code (2020-2024),,
Hofstra University,Hofstra University,191649,100.0,NO_PHD_PROGRAM,0,,IPEDS unitid=191649: No doctoral CS completions in any CS-family CIP code (2020-2024),,
Hollins University,Hollins University,232308,100.0,NO_PHD_PROGRAM,0,,IPEDS unitid=232308: No doctoral CS completions in any CS-family CIP code (2020-2024),,
"Holy Cross College, Notre Dame Indiana",Holy Cross College,150774,100.0,NO_PHD_PROGRAM,0,,IPEDS unitid=150774: No doctoral CS completions in any CS-family CIP code (2020-2024),,
Holy Family College,Holy Family College,239743,100.0,NO_PHD_PROGRAM,0,,IPEDS unitid=239743: No doctoral CS completions in any CS-family CIP code (2020-2024),,
Holy Names University,Holy Names University,115728,100.0,NO_PHD_PROGRAM,0,,IPEDS unitid=115728: No doctoral CS completions in any CS-family CIP code (2020-2024),,
Hood College,Hood College,162760,100.0,NO_PHD_PROGRAM,0,,IPEDS unitid=162760: No doctoral CS completions in any CS-family CIP code (2020-2024),,
Hope College,Hope College,170301,100.0,NO_PHD_PROGRAM,0,,IPEDS unitid=170301: No doctoral CS completions in any CS-family CIP code (2020-2024),,
Houghton College,Houghton University,191676,100.0,NO_PHD_VIA_RENAME,0,,Renamed match via pattern 'College->University': IPEDS unitid=191676,College->University,
Houston Baptist University,NO MATCH FOUND,,0,NEEDS_REVIEW,0,,No confident match found in IPEDS directory,,
Howard Payne University,Howard Payne University,225548,100.0,NO_PHD_PROGRAM,0,,IPEDS unitid=225548: No doctoral CS completions in any CS-family CIP code (2020-2024),,
Howard University,Howard University,131520,100.0,CONFIRMED,27,11.0701 (11.0701): 27 PhDs,"IPEDS unitid=131520, CIP codes: 11.0701",,
Hult International Business School,Hult International Business School,164368,100.0,NO_PHD_PROGRAM,0,,IPEDS unitid=164368: No doctoral CS completions in any CS-family CIP code (2020-2024),,
Humboldt State University,California State Polytechnic University-Humboldt,115755,97.9,NO_PHD_VIA_WEB_RESOLVE,0,,"Web-resolved: Humboldt State University -> California State Polytechnic University, Humboldt (renamed 2022) -> IPEDS unitid=115755",,"Humboldt State University -> California State Polytechnic University, Humboldt (renamed 2022)"
Hunter College,CUNY Hunter College,190594,100.0,NO_PHD_PROGRAM,0,,IPEDS unitid=190594: No doctoral CS completions in any CS-family CIP code (2020-2024),,
Huntingdon College,Huntingdon College,101435,100.0,NO_PHD_PROGRAM,0,,IPEDS unitid=101435: No doctoral CS completions in any CS-family CIP code (2020-2024),,
Huntington University,Huntington University,150941,100.0,NO_PHD_PROGRAM,0,,IPEDS unitid=150941: No doctoral CS completions in any CS-family CIP code (2020-2024),,
Huron University,NO MATCH FOUND,,0,NEEDS_REVIEW,0,,No confident match found in IPEDS directory,,
Husson College,Husson University,487524,100.0,NO_PHD_VIA_RENAME,0,,Renamed match via pattern 'College->University': IPEDS unitid=487524,College->University,
Huston-Tillotson College,Huston-Tillotson University,225575,100.0,NO_PHD_VIA_RENAME,0,,Renamed match via pattern 'College->University': IPEDS unitid=225575,College->University,
Idaho State University,Idaho State University,142276,100.0,NO_PHD_PROGRAM,0,,IPEDS unitid=142276: No doctoral CS completions in any CS-family CIP code (2020-2024),,
Illinois College,Illinois College,145691,100.0,NO_PHD_PROGRAM,0,,IPEDS unitid=145691: No doctoral CS completions in any CS-family CIP code (2020-2024),,
Illinois Institute of Technology,Illinois Institute of Technology,145725,100.0,CONFIRMED,46,11.0701 (11.0701): 39 PhDs; 14.0901 (14.0901): 7 PhDs,"IPEDS unitid=145725, CIP codes: 11.0701, 14.0901",,
Illinois State University,Illinois State University,145813,100.0,NO_PHD_PROGRAM,0,,IPEDS unitid=145813: No doctoral CS completions in any CS-family CIP code (2020-2024),,
Illinois Wesleyan University,Illinois Wesleyan University,145646,100.0,NO_PHD_PROGRAM,0,,IPEDS unitid=145646: No doctoral CS completions in any CS-family CIP code (2020-2024),,
Immaculata College,ATA College,449728,100.0,NO_PHD_PROGRAM,0,,IPEDS unitid=449728: No doctoral CS completions in any CS-family CIP code (2020-2024),,
Indiana Institute of Technology,Indiana Institute of Technology,151290,100.0,NO_PHD_PROGRAM,0,,IPEDS unitid=151290: No doctoral CS completions in any CS-family CIP code (2020-2024),,
Indiana State University,Indiana State University,151324,100.0,NO_PHD_PROGRAM,0,,IPEDS unitid=151324: No doctoral CS completions in any CS-family CIP code (2020-2024),,
Indiana Wesleyan University,Indiana Wesleyan University-Marion,151801,100.0,NO_PHD_PROGRAM,0,,IPEDS unitid=151801: No doctoral CS completions in any CS-family CIP code (2020-2024),,
Indiana University,Indiana University-Bloomington,151351,100.0,CONFIRMED,134,11.0104 (11.0104): 61 PhDs; 11.0701 (11.0701): 73 PhDs,"IPEDS unitid=151351, CIP codes: 11.0104, 11.0701",,
Indiana University Northwest,Indiana University-Northwest,151360,96.4,NO_PHD_PROGRAM,0,,IPEDS unitid=151360: No doctoral CS completions in any CS-family CIP code (2020-2024),,
Indiana University of Pennsylvania,University of Pennsylvania,215062,100.0,CONFIRMED,87,11.0101 (11.0101): 87 PhDs,"IPEDS unitid=215062, CIP codes: 11.0101",,
Indiana University at South Bend,Indiana University-South Bend,151342,100.0,NO_PHD_VIA_RENAME,0,,Renamed match via pattern 'At->hyphen': IPEDS unitid=151342,At->hyphen,
Indiana University Southeast,Indiana University-Southeast,151379,96.4,NO_PHD_PROGRAM,0,,IPEDS unitid=151379: No doctoral CS completions in any CS-family CIP code (2020-2024),,
"Indiana University - Purdue University, Columbus",NO MATCH FOUND,,0,NEEDS_REVIEW,0,,No confident match found in IPEDS directory,,
"Indiana University - Purdue University, Fort Wayne",Purdue University Fort Wayne,151102,100.0,NO_PHD_PROGRAM,0,,IPEDS unitid=151102: No doctoral CS completions in any CS-family CIP code (2020-2024),,
"Indiana University - Purdue University, Indianapolis",Indiana University - Purdue University Indianapolis - IU Fort Wayne,500263,100.0,NO_PHD_PROGRAM,0,,IPEDS unitid=500263: No doctoral CS completions in any CS-family CIP code (2020-2024),,
Institute for Christian Works,GDS Institute,486099,81.8,NEEDS_REVIEW,0,,IPEDS unitid=486099: No doctoral CS completions in any CS-family CIP code (2020-2024) [match score 82 < threshold 85],,
Institute of Computer Technology,Ace Institute of Technology,449676,88.1,NO_PHD_PROGRAM,0,,IPEDS unitid=449676: No doctoral CS completions in any CS-family CIP code (2020-2024),,
Institute of Paper Science and Technology,NO MATCH FOUND,,0,NEEDS_REVIEW,0,,No confident match found in IPEDS directory,,
Institute for Transpersonal Psychology,GDS Institute,486099,81.8,NEEDS_REVIEW,0,,IPEDS unitid=486099: No doctoral CS completions in any CS-family CIP code (2020-2024) [match score 82 < threshold 85],,
Inter American University of Puerto Rico,American University of Puerto Rico,241100,100.0,NO_PHD_PROGRAM,0,,IPEDS unitid=241100: No doctoral CS completions in any CS-family CIP code (2020-2024),,
International College,La James International College-Ft Dodge,153782,100.0,NO_PHD_PROGRAM,0,,IPEDS unitid=153782: No doctoral CS completions in any CS-family CIP code (2020-2024),,
International Fine Arts College,ASA College,404994,90.0,NO_PHD_PROGRAM,0,,IPEDS unitid=404994: No doctoral CS completions in any CS-family CIP code (2020-2024),,
International Institue of the Americas,AIB International,154651,86.7,NO_PHD_PROGRAM,0,,IPEDS unitid=154651: No doctoral CS completions in any CS-family CIP code (2020-2024),,
International Reform University,NO MATCH FOUND,,0,NEEDS_REVIEW,0,,No confident match found in IPEDS directory,,
Iona College,Presentation College,219295,95.7,NO_PHD_PROGRAM,0,,IPEDS unitid=219295: No doctoral CS completions in any CS-family CIP code (2020-2024),,
Iowa State University,Iowa State University,153603,100.0,CONFIRMED,94,11.0701 (11.0701): 54 PhDs; 14.0901 (14.0901): 40 PhDs,"IPEDS unitid=153603, CIP codes: 11.0701, 14.0901",,
Iowa Wesleyan College,Wesleyan College,141325,100.0,NO_PHD_PROGRAM,0,,IPEDS unitid=141325: No doctoral CS completions in any CS-family CIP code (2020-2024),,
Irvine University College of Law,NO MATCH FOUND,,0,NEEDS_REVIEW,0,,No confident match found in IPEDS directory,,
Ithaca College,Ithaca College,191968,100.0,NO_PHD_PROGRAM,0,,IPEDS unitid=191968: No doctoral CS completions in any CS-family CIP code (2020-2024),,
Jackson State University,Jackson State University,175856,100.0,CONFIRMED,14,11.0701 (11.0701): 14 PhDs,"IPEDS unitid=175856, CIP codes: 11.0701",,
Jacksonville State University,Jacksonville State University,101480,100.0,NO_PHD_PROGRAM,0,,IPEDS unitid=101480: No doctoral CS completions in any CS-family CIP code (2020-2024),,
Jacksonville University,Jacksonville University,134945,100.0,NO_PHD_PROGRAM,0,,IPEDS unitid=134945: No doctoral CS completions in any CS-family CIP code (2020-2024),,
James Madison University,James Madison University,232423,100.0,NO_PHD_PROGRAM,0,,IPEDS unitid=232423: No doctoral CS completions in any CS-family CIP code (2020-2024),,
Jamestown College,University of Jamestown,200156,93.0,NO_PHD_VIA_RENAME,0,,Renamed match via pattern 'College->University': IPEDS unitid=200156,College->University,
Jarvis Christian College,Jarvis Christian University,225885,100.0,NO_PHD_VIA_RENAME,0,,Renamed match via pattern 'College->University': IPEDS unitid=225885,College->University,
Jewish Theological Seminary,Jewish Theological Seminary of America,192040,100.0,NO_PHD_PROGRAM,0,,IPEDS unitid=192040: No doctoral CS completions in any CS-family CIP code (2020-2024),,
John Brown University,John Brown University,107141,100.0,NO_PHD_PROGRAM,0,,IPEDS unitid=107141: No doctoral CS completions in any CS-family CIP code (2020-2024),,
John Carroll University,John Carroll University,203368,100.0,NO_PHD_PROGRAM,0,,IPEDS unitid=203368: No doctoral CS completions in any CS-family CIP code (2020-2024),,
John F. Kennedy University,John F. Kennedy University,116712,100.0,NO_PHD_PROGRAM,0,,IPEDS unitid=116712: No doctoral CS completions in any CS-family CIP code (2020-2024),,
John Jay College of Criminal Justice,CUNY John Jay College of Criminal Justice,190600,100.0,NO_PHD_PROGRAM,0,,IPEDS unitid=190600: No doctoral CS completions in any CS-family CIP code (2020-2024),,
The Johns Hopkins University,Johns Hopkins University,162928,100.0,CONFIRMED,136,11.0101 (11.0101): 136 PhDs,"IPEDS unitid=162928, CIP codes: 11.0101",,
Johnson and Wales University,Johnson & Wales University-Denver,439288,88.1,NO_PHD_VIA_RENAME,0,,Renamed match via pattern 'Ampersand swap (and -> &)': IPEDS unitid=439288,Ampersand swap (and -> &),
Johnson Bible College,Lee College,226204,95.2,NO_PHD_PROGRAM,0,,IPEDS unitid=226204: No doctoral CS completions in any CS-family CIP code (2020-2024),,
Johnson C. Smith University,Johnson C Smith University,198756,100.0,NO_PHD_PROGRAM,0,,IPEDS unitid=198756: No doctoral CS completions in any CS-family CIP code (2020-2024),,
Johnson State College,Vermont State University,231165,100.0,NO_PHD_VIA_WEB_RESOLVE,0,,Web-resolved: Johnson State College -> Vermont State University (merged into Vermont State University 2023) -> IPEDS unitid=231165,,Johnson State College -> Vermont State University (merged into Vermont State University 2023)
Joint Military Intelligence College,Coe College,153144,95.2,NO_PHD_PROGRAM,0,,IPEDS unitid=153144: No doctoral CS completions in any CS-family CIP code (2020-2024),,
Jones College,Jones College-Jacksonville,135063,100.0,NO_PHD_PROGRAM,0,,IPEDS unitid=135063: No doctoral CS completions in any CS-family CIP code (2020-2024),,
Jones International University,Jones International University,444723,100.0,NO_PHD_PROGRAM,0,,IPEDS unitid=444723: No doctoral CS completions in any CS-family CIP code (2020-2024),,
"Judson College, Marion AL",Judson College,101541,100.0,NO_PHD_PROGRAM,0,,IPEDS unitid=101541: No doctoral CS completions in any CS-family CIP code (2020-2024),,
"Judson College, Elgin IL",Judson College,101541,100.0,NO_PHD_PROGRAM,0,,IPEDS unitid=101541: No doctoral CS completions in any CS-family CIP code (2020-2024),,
The Julliard School,The Juilliard School,192110,96.8,NO_PHD_PROGRAM,0,,IPEDS unitid=192110: No doctoral CS completions in any CS-family CIP code (2020-2024),,
Juniata College,Juniata College,213251,100.0,NO_PHD_PROGRAM,0,,IPEDS unitid=213251: No doctoral CS completions in any CS-family CIP code (2020-2024),,
Kalamazoo College,Kalamazoo College,170532,100.0,NO_PHD_PROGRAM,0,,IPEDS unitid=170532: No doctoral CS completions in any CS-family CIP code (2020-2024),,
Kansas City Art Institute,Kansas City Art Institute,177746,100.0,NO_PHD_PROGRAM,0,,IPEDS unitid=177746: No doctoral CS completions in any CS-family CIP code (2020-2024),,
Kansas Newman College,NO MATCH FOUND,,0,NEEDS_REVIEW,0,,No confident match found in IPEDS directory,,
Kansas State University,Kansas State University,155399,100.0,CONFIRMED,36,11.0101 (11.0101): 36 PhDs,"IPEDS unitid=155399, CIP codes: 11.0101",,
Kansas Wesleyan University,Kansas Wesleyan University,155414,100.0,NO_PHD_PROGRAM,0,,IPEDS unitid=155414: No doctoral CS completions in any CS-family CIP code (2020-2024),,
Kaplan University,Kaplan University-Frederick Campus,456384,100.0,NO_PHD_PROGRAM,0,,IPEDS unitid=456384: No doctoral CS completions in any CS-family CIP code (2020-2024),,
Kean University,Kean University,185262,100.0,NO_PHD_PROGRAM,0,,IPEDS unitid=185262: No doctoral CS completions in any CS-family CIP code (2020-2024),,
Keck Graduate Institute,Keck Graduate Institute,440031,100.0,NO_PHD_PROGRAM,0,,IPEDS unitid=440031: No doctoral CS completions in any CS-family CIP code (2020-2024),,
Keene State College,Keene State College,183062,100.0,NO_PHD_PROGRAM,0,,IPEDS unitid=183062: No doctoral CS completions in any CS-family CIP code (2020-2024),,
Keiser University,Keiser University - NPR,487719,100.0,NO_PHD_PROGRAM,0,,IPEDS unitid=487719: No doctoral CS completions in any CS-family CIP code (2020-2024),,
Kendall College,Kendall College,146393,100.0,NO_PHD_PROGRAM,0,,IPEDS unitid=146393: No doctoral CS completions in any CS-family CIP code (2020-2024),,
Kennedy-Western University,Eastern University,212133,97.1,NO_PHD_PROGRAM,0,,IPEDS unitid=212133: No doctoral CS completions in any CS-family CIP code (2020-2024),,
Kennesaw State University,Kennesaw State University,140164,100.0,NO_PHD_PROGRAM,0,,IPEDS unitid=140164: No doctoral CS completions in any CS-family CIP code (2020-2024),,
Kent State University,Kent State University at Tuscarawas,203483,100.0,NO_PHD_PROGRAM,0,,IPEDS unitid=203483: No doctoral CS completions in any CS-family CIP code (2020-2024),,
Kentucky Christian College,Kentucky Christian University,157100,100.0,NO_PHD_VIA_RENAME,0,,Renamed match via pattern 'College->University': IPEDS unitid=157100,College->University,
Kentucky State University,Kentucky State University,157058,100.0,NO_PHD_PROGRAM,0,,IPEDS unitid=157058: No doctoral CS completions in any CS-family CIP code (2020-2024),,
Kentucky Wesleyan College,Kentucky Wesleyan College,157076,100.0,NO_PHD_PROGRAM,0,,IPEDS unitid=157076: No doctoral CS completions in any CS-family CIP code (2020-2024),,
Kenyon College,Kenyon College,203535,100.0,NO_PHD_PROGRAM,0,,IPEDS unitid=203535: No doctoral CS completions in any CS-family CIP code (2020-2024),,
Kettering University,Kettering University,169983,100.0,NO_PHD_PROGRAM,0,,IPEDS unitid=169983: No doctoral CS completions in any CS-family CIP code (2020-2024),,
Keuka College,Keuka College,192192,100.0,NO_PHD_PROGRAM,0,,IPEDS unitid=192192: No doctoral CS completions in any CS-family CIP code (2020-2024),,
King College,City Colleges of Chicago-Kennedy-King College,144157,100.0,NO_PHD_PROGRAM,0,,IPEDS unitid=144157: No doctoral CS completions in any CS-family CIP code (2020-2024),,
"King's College, Wilkes-Barre, PA",The King's College,454184,100.0,NO_PHD_PROGRAM,0,,IPEDS unitid=454184: No doctoral CS completions in any CS-family CIP code (2020-2024),,
"The King's College, New York City, NY",The King's College,454184,100.0,NO_PHD_PROGRAM,0,,IPEDS unitid=454184: No doctoral CS completions in any CS-family CIP code (2020-2024),,
Knox College,Knox College,146427,100.0,NO_PHD_PROGRAM,0,,IPEDS unitid=146427: No doctoral CS completions in any CS-family CIP code (2020-2024),,
Knox Theological Seminary,Knox Theological Seminary,484288,100.0,NO_PHD_PROGRAM,0,,IPEDS unitid=484288: No doctoral CS completions in any CS-family CIP code (2020-2024),,
Knoxville College,Lee College,226204,95.2,NO_PHD_PROGRAM,0,,IPEDS unitid=226204: No doctoral CS completions in any CS-family CIP code (2020-2024),,
Kutztown University of Pennsylvania,Kutztown University of Pennsylvania,213349,100.0,NO_PHD_PROGRAM,0,,IPEDS unitid=213349: No doctoral CS completions in any CS-family CIP code (2020-2024),,
La Roche College,Hope College,170301,90.9,NO_PHD_PROGRAM,0,,IPEDS unitid=170301: No doctoral CS completions in any CS-family CIP code (2020-2024),,
La Salle University,La Salle University,213367,100.0,NO_PHD_PROGRAM,0,,IPEDS unitid=213367: No doctoral CS completions in any CS-family CIP code (2020-2024),,
La Sierra University,La Sierra University,117627,100.0,NO_PHD_PROGRAM,0,,IPEDS unitid=117627: No doctoral CS completions in any CS-family CIP code (2020-2024),,
Lafayette College,Lafayette College,213385,100.0,NO_PHD_PROGRAM,0,,IPEDS unitid=213385: No doctoral CS completions in any CS-family CIP code (2020-2024),,
LaGrange College,LaGrange College,140234,100.0,NO_PHD_PROGRAM,0,,IPEDS unitid=140234: No doctoral CS completions in any CS-family CIP code (2020-2024),,
Lake Erie College,Lake Erie College,203580,100.0,NO_PHD_PROGRAM,0,,IPEDS unitid=203580: No doctoral CS completions in any CS-family CIP code (2020-2024),,
Lake Forest College,Lake Forest College,146481,100.0,NO_PHD_PROGRAM,0,,IPEDS unitid=146481: No doctoral CS completions in any CS-family CIP code (2020-2024),,
Lake Forest Graduate School of Management,Lake Forest Graduate School of Management,146490,100.0,NO_PHD_PROGRAM,0,,IPEDS unitid=146490: No doctoral CS completions in any CS-family CIP code (2020-2024),,
Lake Superior State University,Lake Superior State University,170639,100.0,NO_PHD_PROGRAM,0,,IPEDS unitid=170639: No doctoral CS completions in any CS-family CIP code (2020-2024),,
Lakeland College,Lake Land College,146506,97.0,NO_PHD_PROGRAM,0,,IPEDS unitid=146506: No doctoral CS completions in any CS-family CIP code (2020-2024),,
Lamar University,Lamar University,226091,100.0,NO_PHD_PROGRAM,0,,IPEDS unitid=226091: No doctoral CS completions in any CS-family CIP code (2020-2024),,
Lambuth University,NO MATCH FOUND,,0,NEEDS_REVIEW,0,,No confident match found in IPEDS directory,,
Lancaster Bible College,Lancaster Bible College,213400,100.0,NO_PHD_PROGRAM,0,,IPEDS unitid=213400: No doctoral CS completions in any CS-family CIP code (2020-2024),,
Lancaster Theological Seminary,Lancaster Theological Seminary,213446,100.0,NO_PHD_PROGRAM,0,,IPEDS unitid=213446: No doctoral CS completions in any CS-family CIP code (2020-2024),,
Lander University,Lander University,218229,100.0,NO_PHD_PROGRAM,0,,IPEDS unitid=218229: No doctoral CS completions in any CS-family CIP code (2020-2024),,
Landmark College,Landmark College,247649,100.0,NO_PHD_PROGRAM,0,,IPEDS unitid=247649: No doctoral CS completions in any CS-family CIP code (2020-2024),,
Langston University,Langston University,207209,100.0,NO_PHD_PROGRAM,0,,IPEDS unitid=207209: No doctoral CS completions in any CS-family CIP code (2020-2024),,
Lane College,Lane College,220598,100.0,NO_PHD_PROGRAM,0,,IPEDS unitid=220598: No doctoral CS completions in any CS-family CIP code (2020-2024),,
Lasell College,Lasell University,166391,100.0,NO_PHD_VIA_RENAME,0,,Renamed match via pattern 'College->University': IPEDS unitid=166391,College->University,
Lawrence Technological University,Lawrence Technological University,170675,100.0,NO_PHD_PROGRAM,0,,IPEDS unitid=170675: No doctoral CS completions in any CS-family CIP code (2020-2024),,
Lawrence University,Lawrence University,239017,100.0,NO_PHD_PROGRAM,0,,IPEDS unitid=239017: No doctoral CS completions in any CS-family CIP code (2020-2024),,
Le Moyne College,Le Moyne College,192323,100.0,NO_PHD_PROGRAM,0,,IPEDS unitid=192323: No doctoral CS completions in any CS-family CIP code (2020-2024),,
Lebanon Valley College,Lebanon Valley College,213507,100.0,NO_PHD_PROGRAM,0,,IPEDS unitid=213507: No doctoral CS completions in any CS-family CIP code (2020-2024),,
Lee College,Lee College,226204,100.0,NO_PHD_PROGRAM,0,,IPEDS unitid=226204: No doctoral CS completions in any CS-family CIP code (2020-2024),,
Lee University,Lee University,220613,100.0,NO_PHD_PROGRAM,0,,IPEDS unitid=220613: No doctoral CS completions in any CS-family CIP code (2020-2024),,
Lees-McRae College,Lees-McRae College,198808,100.0,NO_PHD_PROGRAM,0,,IPEDS unitid=198808: No doctoral CS completions in any CS-family CIP code (2020-2024),,
Lehigh Univervsity,Lehigh University,213543,97.1,CONFIRMED,17,11.0701 (11.0701): 14 PhDs; 14.0901 (14.0901): 3 PhDs,"IPEDS unitid=213543, CIP codes: 11.0701, 14.0901",,
LeMoyne-Owen College,Le Moyne-Owen College,220604,97.6,NO_PHD_PROGRAM,0,,IPEDS unitid=220604: No doctoral CS completions in any CS-family CIP code (2020-2024),,
Lenoir-Rhyne College,Lenoir-Rhyne University,198835,100.0,NO_PHD_VIA_RENAME,0,,Renamed match via pattern 'College->University': IPEDS unitid=198835,College->University,
Lenox Institute of Water Technology,NO MATCH FOUND,,0,NEEDS_REVIEW,0,,No confident match found in IPEDS directory,,
Lesley University,Lesley University,166452,100.0,NO_PHD_PROGRAM,0,,IPEDS unitid=166452: No doctoral CS completions in any CS-family CIP code (2020-2024),,
LeTourneau University,LeTourneau University,226231,100.0,NO_PHD_PROGRAM,0,,IPEDS unitid=226231: No doctoral CS completions in any CS-family CIP code (2020-2024),,
Lewis & Clark College,Lewis & Clark College,209056,100.0,NO_PHD_PROGRAM,0,,IPEDS unitid=209056: No doctoral CS completions in any CS-family CIP code (2020-2024),,
Lewis-Clark State College,Lewis-Clark State College,142328,100.0,NO_PHD_PROGRAM,0,,IPEDS unitid=142328: No doctoral CS completions in any CS-family CIP code (2020-2024),,
Lewis University,Lewis University,146612,100.0,NO_PHD_PROGRAM,0,,IPEDS unitid=146612: No doctoral CS completions in any CS-family CIP code (2020-2024),,
Liberty University,Liberty University,232557,100.0,NO_PHD_PROGRAM,0,,IPEDS unitid=232557: No doctoral CS completions in any CS-family CIP code (2020-2024),,
Life Pacific College,Life Pacific College-Virginia Extension Site: Christianburg,487579,100.0,NO_PHD_PROGRAM,0,,IPEDS unitid=487579: No doctoral CS completions in any CS-family CIP code (2020-2024),,
Life University,Life University,140252,100.0,NO_PHD_PROGRAM,0,,IPEDS unitid=140252: No doctoral CS completions in any CS-family CIP code (2020-2024),,
Limestone College,Limestone University,218238,100.0,NO_PHD_VIA_RENAME,0,,Renamed match via pattern 'College->University': IPEDS unitid=218238,College->University,
Lincoln Christian College and Seminary,NO MATCH FOUND,,0,NEEDS_REVIEW,0,,No confident match found in IPEDS directory,,
Lincoln College,Lincoln College,146676,100.0,NO_PHD_PROGRAM,0,,IPEDS unitid=146676: No doctoral CS completions in any CS-family CIP code (2020-2024),,
Lincoln Memorial University,Lincoln Memorial University,220631,100.0,NO_PHD_PROGRAM,0,,IPEDS unitid=220631: No doctoral CS completions in any CS-family CIP code (2020-2024),,
"Lincoln University, Jefferson City Missouri",Lincoln University,177940,100.0,NO_PHD_PROGRAM,0,,IPEDS unitid=177940: No doctoral CS completions in any CS-family CIP code (2020-2024),,
"Lincoln University, San Francisco California",Lincoln University,177940,100.0,NO_PHD_PROGRAM,0,,IPEDS unitid=177940: No doctoral CS completions in any CS-family CIP code (2020-2024),,
Lincoln University of Pennsylvania,University of Pennsylvania,215062,100.0,CONFIRMED,87,11.0101 (11.0101): 87 PhDs,"IPEDS unitid=215062, CIP codes: 11.0101",,
Lindenwood College,Hood College,162760,95.7,NO_PHD_PROGRAM,0,,IPEDS unitid=162760: No doctoral CS completions in any CS-family CIP code (2020-2024),,
Lindsey Wilson College,Lindsey Wilson College,157216,100.0,NO_PHD_PROGRAM,0,,IPEDS unitid=157216: No doctoral CS completions in any CS-family CIP code (2020-2024),,
Linfield College,Linfield University,209065,100.0,NO_PHD_VIA_RENAME,0,,Renamed match via pattern 'College->University': IPEDS unitid=209065,College->University,
Lipscomb University,Lipscomb University,219976,100.0,NO_PHD_PROGRAM,0,,IPEDS unitid=219976: No doctoral CS completions in any CS-family CIP code (2020-2024),,
Lock Haven University,Lock Haven University,213613,100.0,NO_PHD_PROGRAM,0,,IPEDS unitid=213613: No doctoral CS completions in any CS-family CIP code (2020-2024),,
Logan College of Chiropractic,NO MATCH FOUND,,0,NEEDS_REVIEW,0,,No confident match found in IPEDS directory,,
Loma Linda University,Loma Linda University,117636,100.0,NO_PHD_PROGRAM,0,,IPEDS unitid=117636: No doctoral CS completions in any CS-family CIP code (2020-2024),,
Long Island University,Long Island University,192448,100.0,CONFIRMED,26,11.0401 (11.0401): 26 PhDs,"IPEDS unitid=192448, CIP codes: 11.0401",,
Longwood College,Hood College,162760,95.7,NO_PHD_PROGRAM,0,,IPEDS unitid=162760: No doctoral CS completions in any CS-family CIP code (2020-2024),,
Loras College,Loras College,153825,100.0,NO_PHD_PROGRAM,0,,IPEDS unitid=153825: No doctoral CS completions in any CS-family CIP code (2020-2024),,
Louisburg College,Louisburg College,198871,100.0,NO_PHD_PROGRAM,0,,IPEDS unitid=198871: No doctoral CS completions in any CS-family CIP code (2020-2024),,
Louisiana Baptist Universty,NO MATCH FOUND,,0,NEEDS_REVIEW,0,,No confident match found in IPEDS directory,,
Louisiana College,NO MATCH FOUND,,0,NEEDS_REVIEW,0,,No confident match found in IPEDS directory,,
Louisiana State University at Alexandria,Louisiana State University-Alexandria,159382,93.5,NO_PHD_PROGRAM,0,,IPEDS unitid=159382: No doctoral CS completions in any CS-family CIP code (2020-2024),,
Louisiana State University at Baton Rouge,NO MATCH FOUND,,0,NEEDS_REVIEW,0,,No confident match found in IPEDS directory,,
Louisiana State University Health Sciences Center New Orleans,Louisiana State University Health Sciences Center-New Orleans,159373,98.4,NO_PHD_PROGRAM,0,,IPEDS unitid=159373: No doctoral CS completions in any CS-family CIP code (2020-2024),,
Louisiana State University at Shreveport,Louisiana State University-Shreveport,159416,93.5,NO_PHD_PROGRAM,0,,IPEDS unitid=159416: No doctoral CS completions in any CS-family CIP code (2020-2024),,
Louisiana Tech University,Louisiana Tech University,159647,100.0,CONFIRMED,11,11.9999 (11.9999): 11 PhDs,"IPEDS unitid=159647, CIP codes: 11.9999",,
Lourdes College,CES College,444510,95.2,NO_PHD_PROGRAM,0,,IPEDS unitid=444510: No doctoral CS completions in any CS-family CIP code (2020-2024),,
"Loyola College, Baltimore",Loyola University Maryland,163046,100.0,NO_PHD_PROGRAM,0,,IPEDS unitid=163046: No doctoral CS completions in any CS-family CIP code (2020-2024),,
Loyola Marymount University,Loyola Marymount University,117946,100.0,NO_PHD_PROGRAM,0,,IPEDS unitid=117946: No doctoral CS completions in any CS-family CIP code (2020-2024),,
"Loyola University, Chicago",Loyola University Chicago,146719,100.0,NO_PHD_PROGRAM,0,,IPEDS unitid=146719: No doctoral CS completions in any CS-family CIP code (2020-2024),,
"Loyola University, New Orleans",Loyola University New Orleans,159656,100.0,NO_PHD_PROGRAM,0,,IPEDS unitid=159656: No doctoral CS completions in any CS-family CIP code (2020-2024),,
Lubbock Christian University,Lubbock Christian University,226383,100.0,NO_PHD_PROGRAM,0,,IPEDS unitid=226383: No doctoral CS completions in any CS-family CIP code (2020-2024),,
Luther College,Luther College,153834,100.0,NO_PHD_PROGRAM,0,,IPEDS unitid=153834: No doctoral CS completions in any CS-family CIP code (2020-2024),,
Luther Seminary,Luther Seminary,173896,100.0,NO_PHD_PROGRAM,0,,IPEDS unitid=173896: No doctoral CS completions in any CS-family CIP code (2020-2024),,
Lutheran Bible Institute,NO MATCH FOUND,,0,NEEDS_REVIEW,0,,No confident match found in IPEDS directory,,
Lutheran Theological Seminary at Gettysburg,NO MATCH FOUND,,0,NEEDS_REVIEW,0,,No confident match found in IPEDS directory,,
Lycoming College,Lycoming College,213668,100.0,NO_PHD_PROGRAM,0,,IPEDS unitid=213668: No doctoral CS completions in any CS-family CIP code (2020-2024),,
Lyme Academy of Fine Arts,Lyme Academy College of Fine Arts,129686,86.2,NO_PHD_PROGRAM,0,,IPEDS unitid=129686: No doctoral CS completions in any CS-family CIP code (2020-2024),,
Lynchburg College,University of Lynchburg,232609,93.0,NO_PHD_VIA_RENAME,0,,Renamed match via pattern 'College->University': IPEDS unitid=232609,College->University,
Lyndon State College,Lyndon State College,230931,100.0,NO_PHD_PROGRAM,0,,IPEDS unitid=230931: No doctoral CS completions in any CS-family CIP code (2020-2024),,
Lynn University,Lynn University,132657,100.0,NO_PHD_PROGRAM,0,,IPEDS unitid=132657: No doctoral CS completions in any CS-family CIP code (2020-2024),,
Lyon College,Lyon College,106342,100.0,NO_PHD_PROGRAM,0,,IPEDS unitid=106342: No doctoral CS completions in any CS-family CIP code (2020-2024),,
Macalester College,Macalester College,173902,100.0,NO_PHD_PROGRAM,0,,IPEDS unitid=173902: No doctoral CS completions in any CS-family CIP code (2020-2024),,
MacMurray College,MacMurray College,146825,100.0,NO_PHD_PROGRAM,0,,IPEDS unitid=146825: No doctoral CS completions in any CS-family CIP code (2020-2024),,
Madonna University,Madonna University,170806,100.0,NO_PHD_PROGRAM,0,,IPEDS unitid=170806: No doctoral CS completions in any CS-family CIP code (2020-2024),,
Magdalen College,Magdalen College,182917,100.0,NO_PHD_PROGRAM,0,,IPEDS unitid=182917: No doctoral CS completions in any CS-family CIP code (2020-2024),,
Maharishi University of Management,NO MATCH FOUND,,0,NEEDS_REVIEW,0,,No confident match found in IPEDS directory,,
Maine College of Art,Maine College of Art & Design,161509,100.0,NO_PHD_PROGRAM,0,,IPEDS unitid=161509: No doctoral CS completions in any CS-family CIP code (2020-2024),,
Maine Maritime Academy,Maine Maritime Academy,161299,100.0,NO_PHD_PROGRAM,0,,IPEDS unitid=161299: No doctoral CS completions in any CS-family CIP code (2020-2024),,
Malone College,Malone University,203775,100.0,NO_PHD_VIA_RENAME,0,,Renamed match via pattern 'College->University': IPEDS unitid=203775,College->University,
Manchester College,Manchester University,151777,100.0,NO_PHD_VIA_RENAME,0,,Renamed match via pattern 'College->University': IPEDS unitid=151777,College->University,
Manhattan College,Marymount Manhattan College,192864,100.0,NO_PHD_PROGRAM,0,,IPEDS unitid=192864: No doctoral CS completions in any CS-family CIP code (2020-2024),,
Manhattanville College,Lee College,226204,95.2,NO_PHD_PROGRAM,0,,IPEDS unitid=226204: No doctoral CS completions in any CS-family CIP code (2020-2024),,
Mansfield University,Mansfield University of Pennsylvania,213783,100.0,NO_PHD_PROGRAM,0,,IPEDS unitid=213783: No doctoral CS completions in any CS-family CIP code (2020-2024),,
Maranatha Baptist Bible College,Lee College,226204,95.2,NO_PHD_PROGRAM,0,,IPEDS unitid=226204: No doctoral CS completions in any CS-family CIP code (2020-2024),,
Marian College,Maria College of Albany,192785,96.3,NO_PHD_PROGRAM,0,,IPEDS unitid=192785: No doctoral CS completions in any CS-family CIP code (2020-2024),,
Marietta College,Marietta College,203845,100.0,NO_PHD_PROGRAM,0,,IPEDS unitid=203845: No doctoral CS completions in any CS-family CIP code (2020-2024),,
Marlboro College,Marlboro College,230940,100.0,NO_PHD_PROGRAM,0,,IPEDS unitid=230940: No doctoral CS completions in any CS-family CIP code (2020-2024),,
Marlboro College Graduate Center,Marlboro College,230940,100.0,NO_PHD_PROGRAM,0,,IPEDS unitid=230940: No doctoral CS completions in any CS-family CIP code (2020-2024),,
Marist College,Marist University,192819,100.0,NO_PHD_VIA_RENAME,0,,Renamed match via pattern 'College->University': IPEDS unitid=192819,College->University,
Marquette University,Marquette University,239105,100.0,CONFIRMED,15,11.0701 (11.0701): 15 PhDs,"IPEDS unitid=239105, CIP codes: 11.0701",,
Mars Hill College,Hill College,225371,100.0,NO_PHD_PROGRAM,0,,IPEDS unitid=225371: No doctoral CS completions in any CS-family CIP code (2020-2024),,
Marshall University,Marshall University,237525,100.0,NO_PHD_PROGRAM,0,,IPEDS unitid=237525: No doctoral CS completions in any CS-family CIP code (2020-2024),,
Mary Baldwin College,Mary Baldwin University,232672,100.0,NO_PHD_VIA_RENAME,0,,Renamed match via pattern 'College->University': IPEDS unitid=232672,College->University,
Marygrove College,Marygrove College,170842,100.0,NO_PHD_PROGRAM,0,,IPEDS unitid=170842: No doctoral CS completions in any CS-family CIP code (2020-2024),,
"Maryland Institute, College of Art",Maryland Institute College of Art,163295,100.0,NO_PHD_PROGRAM,0,,IPEDS unitid=163295: No doctoral CS completions in any CS-family CIP code (2020-2024),,
Marylhurst University,Marylhurst University,209108,100.0,NO_PHD_PROGRAM,0,,IPEDS unitid=209108: No doctoral CS completions in any CS-family CIP code (2020-2024),,
Marymount College,ACT College,419022,90.0,NO_PHD_PROGRAM,0,,IPEDS unitid=419022: No doctoral CS completions in any CS-family CIP code (2020-2024),,
Marymount Manhattan College,Marymount Manhattan College,192864,100.0,NO_PHD_PROGRAM,0,,IPEDS unitid=192864: No doctoral CS completions in any CS-family CIP code (2020-2024),,
Marymount University,Marymount University,232706,100.0,CONFIRMED,95,11.1003 (11.1003): 95 PhDs,"IPEDS unitid=232706, CIP codes: 11.1003",,
Maryville College,Maryville College,220710,100.0,NO_PHD_PROGRAM,0,,IPEDS unitid=220710: No doctoral CS completions in any CS-family CIP code (2020-2024),,
Maryville University of Saint Louis,Maryville University of Saint Louis,178059,100.0,NO_PHD_PROGRAM,0,,IPEDS unitid=178059: No doctoral CS completions in any CS-family CIP code (2020-2024),,
Marywood University,Marywood University,213826,100.0,NO_PHD_PROGRAM,0,,IPEDS unitid=213826: No doctoral CS completions in any CS-family CIP code (2020-2024),,
Massachusetts College of Art,Massachusetts College of Art and Design,166674,100.0,NO_PHD_PROGRAM,0,,IPEDS unitid=166674: No doctoral CS completions in any CS-family CIP code (2020-2024),,
Massachusetts College of Liberal Arts,Massachusetts College of Liberal Arts,167288,100.0,NO_PHD_PROGRAM,0,,IPEDS unitid=167288: No doctoral CS completions in any CS-family CIP code (2020-2024),,
Massachusetts College of Pharmacy and Health Sciences,NO MATCH FOUND,,0,NEEDS_REVIEW,0,,No confident match found in IPEDS directory,,
Massachusetts Institute of Technology,Massachusetts Institute of Technology,166683,100.0,CONFIRMED,376,11.0101 (11.0101): 61 PhDs; 11.0701 (11.0701): 315 PhDs,"IPEDS unitid=166683, CIP codes: 11.0101, 11.0701",,
Massachusetts Maritime Academy,Massachusetts Maritime Academy,166692,100.0,NO_PHD_PROGRAM,0,,IPEDS unitid=166692: No doctoral CS completions in any CS-family CIP code (2020-2024),,
Massachusetts School of Professional Psychology,Massachusetts School of Law,369002,94.1,NO_PHD_PROGRAM,0,,IPEDS unitid=369002: No doctoral CS completions in any CS-family CIP code (2020-2024),,
The Master's College,ASA College,404994,90.0,NO_PHD_PROGRAM,0,,IPEDS unitid=404994: No doctoral CS completions in any CS-family CIP code (2020-2024),,
The Mayo Foundation,NO MATCH FOUND,,0,NEEDS_REVIEW,0,,No confident match found in IPEDS directory,,
Mayville State University,Mayville State University,200226,100.0,NO_PHD_PROGRAM,0,,IPEDS unitid=200226: No doctoral CS completions in any CS-family CIP code (2020-2024),,
McDaniel College,McDaniel College,164270,100.0,NO_PHD_PROGRAM,0,,IPEDS unitid=164270: No doctoral CS completions in any CS-family CIP code (2020-2024),,
The McGregor School of Antioch University,Antioch University,245892,100.0,NO_PHD_PROGRAM,0,,IPEDS unitid=245892: No doctoral CS completions in any CS-family CIP code (2020-2024),,
McKendree College,Reed College,209922,95.7,NO_PHD_PROGRAM,0,,IPEDS unitid=209922: No doctoral CS completions in any CS-family CIP code (2020-2024),,
McMurry University,McMurry University,226587,100.0,NO_PHD_PROGRAM,0,,IPEDS unitid=226587: No doctoral CS completions in any CS-family CIP code (2020-2024),,
McNeese State University,McNeese State University,159717,100.0,NO_PHD_PROGRAM,0,,IPEDS unitid=159717: No doctoral CS completions in any CS-family CIP code (2020-2024),,
MCP Hahnemann University,Neumann University,214272,97.1,NO_PHD_PROGRAM,0,,IPEDS unitid=214272: No doctoral CS completions in any CS-family CIP code (2020-2024),,
McPherson College,McPherson College,155511,100.0,NO_PHD_PROGRAM,0,,IPEDS unitid=155511: No doctoral CS completions in any CS-family CIP code (2020-2024),,
Medaille College,Lee College,226204,95.2,NO_PHD_PROGRAM,0,,IPEDS unitid=226204: No doctoral CS completions in any CS-family CIP code (2020-2024),,
Medical College of Georgia,Medical College of Wisconsin,239169,85.1,NO_PHD_PROGRAM,0,,IPEDS unitid=239169: No doctoral CS completions in any CS-family CIP code (2020-2024),,
Medical College of Ohio,Medical College of Wisconsin,239169,90.9,NO_PHD_PROGRAM,0,,IPEDS unitid=239169: No doctoral CS completions in any CS-family CIP code (2020-2024),,
Medical College of Pennsylvania and Hahnemann University,Neumann University,214272,97.1,NO_PHD_PROGRAM,0,,IPEDS unitid=214272: No doctoral CS completions in any CS-family CIP code (2020-2024),,
Medical College of Wisconsin,Medical College of Wisconsin,239169,100.0,NO_PHD_PROGRAM,0,,IPEDS unitid=239169: No doctoral CS completions in any CS-family CIP code (2020-2024),,
Medical University of South Carolina,Medical University of South Carolina,218335,100.0,NO_PHD_PROGRAM,0,,IPEDS unitid=218335: No doctoral CS completions in any CS-family CIP code (2020-2024),,
Meharry Medical College,Meharry Medical College,220792,100.0,NO_PHD_PROGRAM,0,,IPEDS unitid=220792: No doctoral CS completions in any CS-family CIP code (2020-2024),,
Menlo College,Menlo College,118693,100.0,NO_PHD_PROGRAM,0,,IPEDS unitid=118693: No doctoral CS completions in any CS-family CIP code (2020-2024),,
Mercer University,Mercer University,140447,100.0,NO_PHD_PROGRAM,0,,IPEDS unitid=140447: No doctoral CS completions in any CS-family CIP code (2020-2024),,
Mercy College,Mercy College of Health Sciences,153977,100.0,NO_PHD_PROGRAM,0,,IPEDS unitid=153977: No doctoral CS completions in any CS-family CIP code (2020-2024),,
Mercy College of Health Sciences,Mercy College of Health Sciences,153977,100.0,NO_PHD_PROGRAM,0,,IPEDS unitid=153977: No doctoral CS completions in any CS-family CIP code (2020-2024),,
Mercyhurst College,Rust College,176318,95.7,NO_PHD_PROGRAM,0,,IPEDS unitid=176318: No doctoral CS completions in any CS-family CIP code (2020-2024),,
Meredith College,Meredith College,198950,100.0,NO_PHD_PROGRAM,0,,IPEDS unitid=198950: No doctoral CS completions in any CS-family CIP code (2020-2024),,
Merrimack College,Merrimack College,166850,100.0,NO_PHD_PROGRAM,0,,IPEDS unitid=166850: No doctoral CS completions in any CS-family CIP code (2020-2024),,
Mesa State College,Colorado Mesa University,127556,100.0,NO_PHD_VIA_WEB_RESOLVE,0,,Web-resolved: Mesa State College -> Colorado Mesa University (renamed 2011) -> IPEDS unitid=127556,,Mesa State College -> Colorado Mesa University (renamed 2011)
Messiah College,HCI College,490054,90.0,NO_PHD_PROGRAM,0,,IPEDS unitid=490054: No doctoral CS completions in any CS-family CIP code (2020-2024),,
Methodist College,Methodist College,147129,100.0,NO_PHD_PROGRAM,0,,IPEDS unitid=147129: No doctoral CS completions in any CS-family CIP code (2020-2024),,
Methodist Theological School in Ohio,Methodist Theological School in Ohio,203997,100.0,NO_PHD_PROGRAM,0,,IPEDS unitid=203997: No doctoral CS completions in any CS-family CIP code (2020-2024),,
Metropolitan College,Metropolitan College of New York,190114,100.0,NO_PHD_PROGRAM,0,,IPEDS unitid=190114: No doctoral CS completions in any CS-family CIP code (2020-2024),,
Metropolitan College of New York,Metropolitan College of New York,190114,100.0,NO_PHD_PROGRAM,0,,IPEDS unitid=190114: No doctoral CS completions in any CS-family CIP code (2020-2024),,
Metropolitan State College of Denver,Metropolitan State University of Denver,127565,100.0,NO_PHD_VIA_WEB_RESOLVE,0,,Web-resolved: Metropolitan State College of Denver -> Metropolitan State University of Denver (renamed 2012) -> IPEDS unitid=127565,,Metropolitan State College of Denver -> Metropolitan State University of Denver (renamed 2012)
Metropolitan State University,Metropolitan State University,174020,100.0,NO_PHD_PROGRAM,0,,IPEDS unitid=174020: No doctoral CS completions in any CS-family CIP code (2020-2024),,
Miami Christian University,NO MATCH FOUND,,0,NEEDS_REVIEW,0,,No confident match found in IPEDS directory,,
Miami University of Ohio,NO MATCH FOUND,,0,NEEDS_REVIEW,0,,No confident match found in IPEDS directory,,
Michigan Jewish Institute,Michigan Jewish Institute,434414,100.0,NO_PHD_PROGRAM,0,,IPEDS unitid=434414: No doctoral CS completions in any CS-family CIP code (2020-2024),,
Michigan State University,Michigan State University,171100,100.0,CONFIRMED,93,11.0101 (11.0101): 93 PhDs,"IPEDS unitid=171100, CIP codes: 11.0101",,
Michigan Technological University,Michigan Technological University,171128,100.0,CONFIRMED,17,11.0701 (11.0701): 12 PhDs; 14.0901 (14.0901): 5 PhDs,"IPEDS unitid=171128, CIP codes: 11.0701, 14.0901",,
Mid-America Nazarene University,MidAmerica Nazarene University,155520,98.4,NO_PHD_PROGRAM,0,,IPEDS unitid=155520: No doctoral CS completions in any CS-family CIP code (2020-2024),,
Middle Georgia College,Middle Georgia College,140483,100.0,NO_PHD_PROGRAM,0,,IPEDS unitid=140483: No doctoral CS completions in any CS-family CIP code (2020-2024),,
Middle Tennessee State University,Middle Tennessee State University,220978,100.0,NO_PHD_PROGRAM,0,,IPEDS unitid=220978: No doctoral CS completions in any CS-family CIP code (2020-2024),,
Middlebury College,Middlebury College,230959,100.0,NO_PHD_PROGRAM,0,,IPEDS unitid=230959: No doctoral CS completions in any CS-family CIP code (2020-2024),,
Midwestern Baptist College,NO MATCH FOUND,,0,NEEDS_REVIEW,0,,No confident match found in IPEDS directory,,
Midwestern State University,Midwestern State University,226833,100.0,NO_PHD_PROGRAM,0,,IPEDS unitid=226833: No doctoral CS completions in any CS-family CIP code (2020-2024),,
Miles College,Miles College,101675,100.0,NO_PHD_PROGRAM,0,,IPEDS unitid=101675: No doctoral CS completions in any CS-family CIP code (2020-2024),,
Millersville University,Millersville University of Pennsylvania,214041,100.0,NO_PHD_PROGRAM,0,,IPEDS unitid=214041: No doctoral CS completions in any CS-family CIP code (2020-2024),,
Milligan College,Milligan College,221014,100.0,NO_PHD_PROGRAM,0,,IPEDS unitid=221014: No doctoral CS completions in any CS-family CIP code (2020-2024),,
Millikin University,Millikin University,147244,100.0,NO_PHD_PROGRAM,0,,IPEDS unitid=147244: No doctoral CS completions in any CS-family CIP code (2020-2024),,
Mills College,Crafton Hills College,113111,96.0,NO_PHD_PROGRAM,0,,IPEDS unitid=113111: No doctoral CS completions in any CS-family CIP code (2020-2024),,
Millsaps College,Millsaps College,175980,100.0,NO_PHD_PROGRAM,0,,IPEDS unitid=175980: No doctoral CS completions in any CS-family CIP code (2020-2024),,
Milwaukee School of Engineering,Milwaukee School of Engineering,239318,100.0,NO_PHD_PROGRAM,0,,IPEDS unitid=239318: No doctoral CS completions in any CS-family CIP code (2020-2024),,
Minneapolis College of Art and Design,Minneapolis College of Art and Design,174127,100.0,NO_PHD_PROGRAM,0,,IPEDS unitid=174127: No doctoral CS completions in any CS-family CIP code (2020-2024),,
Minnesota State University Mankato,Minnesota State University-Mankato,173920,97.1,NO_PHD_PROGRAM,0,,IPEDS unitid=173920: No doctoral CS completions in any CS-family CIP code (2020-2024),,
Minnesota State University Moorhead,Minnesota State University Moorhead,174358,100.0,NO_PHD_PROGRAM,0,,IPEDS unitid=174358: No doctoral CS completions in any CS-family CIP code (2020-2024),,
Minot State University,Minot State University,200253,100.0,NO_PHD_PROGRAM,0,,IPEDS unitid=200253: No doctoral CS completions in any CS-family CIP code (2020-2024),,
Minot State University--Bottineau,Minot State University,200253,100.0,NO_PHD_PROGRAM,0,,IPEDS unitid=200253: No doctoral CS completions in any CS-family CIP code (2020-2024),,
Mississippi College,Mississippi College,176053,100.0,NO_PHD_PROGRAM,0,,IPEDS unitid=176053: No doctoral CS completions in any CS-family CIP code (2020-2024),,
Mississippi State University,Mississippi State University,176080,100.0,CONFIRMED,21,11.0101 (11.0101): 21 PhDs,"IPEDS unitid=176080, CIP codes: 11.0101",,
Mississippi University for Women,Mississippi University for Women,176035,100.0,NO_PHD_PROGRAM,0,,IPEDS unitid=176035: No doctoral CS completions in any CS-family CIP code (2020-2024),,
Mississippi Valley State University,Mississippi Valley State University,176044,100.0,NO_PHD_PROGRAM,0,,IPEDS unitid=176044: No doctoral CS completions in any CS-family CIP code (2020-2024),,
Missouri Baptist College,Missouri Baptist University,178244,100.0,NO_PHD_VIA_RENAME,0,,Renamed match via pattern 'College->University': IPEDS unitid=178244,College->University,
Missouri Southern State College,Missouri Southern State University,178341,100.0,NO_PHD_VIA_RENAME,0,,Renamed match via pattern 'College->University': IPEDS unitid=178341,College->University,
Missouri State University,Missouri State University-West Plains,179344,100.0,NO_PHD_PROGRAM,0,,IPEDS unitid=179344: No doctoral CS completions in any CS-family CIP code (2020-2024),,
Missouri Tech,Missouri Tech,178350,100.0,NO_PHD_PROGRAM,0,,IPEDS unitid=178350: No doctoral CS completions in any CS-family CIP code (2020-2024),,
Missouri University of Science and Technology,Missouri University of Science and Technology,178411,100.0,CONFIRMED,25,11.0101 (11.0101): 18 PhDs; 14.0901 (14.0901): 7 PhDs,"IPEDS unitid=178411, CIP codes: 11.0101, 14.0901",,
Missouri Valley College,Missouri Valley College,178369,100.0,NO_PHD_PROGRAM,0,,IPEDS unitid=178369: No doctoral CS completions in any CS-family CIP code (2020-2024),,
Missouri Western State College,Missouri Western State University,178387,100.0,NO_PHD_VIA_RENAME,0,,Renamed match via pattern 'College->University': IPEDS unitid=178387,College->University,
Mitchell College,Mitchell College,129774,100.0,NO_PHD_PROGRAM,0,,IPEDS unitid=129774: No doctoral CS completions in any CS-family CIP code (2020-2024),,
Molloy College,Key College,134422,90.0,NO_PHD_PROGRAM,0,,IPEDS unitid=134422: No doctoral CS completions in any CS-family CIP code (2020-2024),,
"Monmouth College, Monmouth Illinois",Monmouth College,147341,100.0,NO_PHD_PROGRAM,0,,IPEDS unitid=147341: No doctoral CS completions in any CS-family CIP code (2020-2024),,
"Monmouth University, West Long Branch New Jersey",Monmouth University,185572,100.0,NO_PHD_PROGRAM,0,,IPEDS unitid=185572: No doctoral CS completions in any CS-family CIP code (2020-2024),,
Monroe College,Monroe College-New Rochelle,193317,100.0,NO_PHD_PROGRAM,0,,IPEDS unitid=193317: No doctoral CS completions in any CS-family CIP code (2020-2024),,
Montana State University-Billings,Montana State University,180461,100.0,CONFIRMED,17,11.0701 (11.0701): 17 PhDs,"IPEDS unitid=180461, CIP codes: 11.0701",,
Montana State University-Bozeman,Montana State University,180461,100.0,CONFIRMED,17,11.0701 (11.0701): 17 PhDs,"IPEDS unitid=180461, CIP codes: 11.0701",,
"Montana State University College of Technology, Great Falls",Montana State University,180461,100.0,CONFIRMED,17,11.0701 (11.0701): 17 PhDs,"IPEDS unitid=180461, CIP codes: 11.0701",,
Montana State University-Northern Havre,Montana State University-Northern,180522,100.0,NO_PHD_PROGRAM,0,,IPEDS unitid=180522: No doctoral CS completions in any CS-family CIP code (2020-2024),,
Montana Tech,Highlands College of Montana Tech,180081,100.0,NO_PHD_PROGRAM,0,,IPEDS unitid=180081: No doctoral CS completions in any CS-family CIP code (2020-2024),,
Montclair State University,Montclair State University,185590,100.0,NO_PHD_PROGRAM,0,,IPEDS unitid=185590: No doctoral CS completions in any CS-family CIP code (2020-2024),,
Monterey College of Law,Key College,134422,90.9,NO_PHD_PROGRAM,0,,IPEDS unitid=134422: No doctoral CS completions in any CS-family CIP code (2020-2024),,
Monterey Institute of International Studies,NO MATCH FOUND,,0,NEEDS_REVIEW,0,,No confident match found in IPEDS directory,,
Montreat College,Montreat College,199032,100.0,NO_PHD_PROGRAM,0,,IPEDS unitid=199032: No doctoral CS completions in any CS-family CIP code (2020-2024),,
Moravian College,Moravian University,214157,100.0,NO_PHD_VIA_RENAME,0,,Renamed match via pattern 'College->University': IPEDS unitid=214157,College->University,
Morehead State University,Morehead State University,157386,100.0,NO_PHD_PROGRAM,0,,IPEDS unitid=157386: No doctoral CS completions in any CS-family CIP code (2020-2024),,
Morehouse College,Morehouse College,140553,100.0,NO_PHD_PROGRAM,0,,IPEDS unitid=140553: No doctoral CS completions in any CS-family CIP code (2020-2024),,
Morehouse School of Medicine,Morehouse School of Medicine,140562,100.0,NO_PHD_PROGRAM,0,,IPEDS unitid=140562: No doctoral CS completions in any CS-family CIP code (2020-2024),,
Morgan State University,Morgan State University,163453,100.0,NO_PHD_PROGRAM,0,,IPEDS unitid=163453: No doctoral CS completions in any CS-family CIP code (2020-2024),,
Morningside College,Morningside University,154004,100.0,NO_PHD_VIA_RENAME,0,,Renamed match via pattern 'College->University': IPEDS unitid=154004,College->University,
Morris Brown College,Morris Brown College,140571,100.0,NO_PHD_PROGRAM,0,,IPEDS unitid=140571: No doctoral CS completions in any CS-family CIP code (2020-2024),,
Morris College,Morris College,218399,100.0,NO_PHD_PROGRAM,0,,IPEDS unitid=218399: No doctoral CS completions in any CS-family CIP code (2020-2024),,
Mount Aloysius College,Mount Aloysius College,214166,100.0,NO_PHD_PROGRAM,0,,IPEDS unitid=214166: No doctoral CS completions in any CS-family CIP code (2020-2024),,
Mount Holyoke College,Mount Holyoke College,166939,100.0,NO_PHD_PROGRAM,0,,IPEDS unitid=166939: No doctoral CS completions in any CS-family CIP code (2020-2024),,
Mount Ida College,Mount Ida College,166948,100.0,NO_PHD_PROGRAM,0,,IPEDS unitid=166948: No doctoral CS completions in any CS-family CIP code (2020-2024),,
Mount Marty College,Key College,134422,90.0,NO_PHD_PROGRAM,0,,IPEDS unitid=134422: No doctoral CS completions in any CS-family CIP code (2020-2024),,
Mount Mary College,Mount Saint Mary College,193353,90.9,NO_PHD_PROGRAM,0,,IPEDS unitid=193353: No doctoral CS completions in any CS-family CIP code (2020-2024),,
Mount Mercy College,Key College,134422,90.0,NO_PHD_PROGRAM,0,,IPEDS unitid=134422: No doctoral CS completions in any CS-family CIP code (2020-2024),,
Mount Olive College,University of Mount Olive,199069,93.6,NO_PHD_VIA_RENAME,0,,Renamed match via pattern 'College->University': IPEDS unitid=199069,College->University,
Mount Saint Mary College,Mount Saint Mary College,193353,100.0,NO_PHD_PROGRAM,0,,IPEDS unitid=193353: No doctoral CS completions in any CS-family CIP code (2020-2024),,
"Mount St. Mary's College and Seminary, Emmitsburg Maryland",Mount Saint Mary College,193353,89.4,NO_PHD_PROGRAM,0,,IPEDS unitid=193353: No doctoral CS completions in any CS-family CIP code (2020-2024),,
"Mount St. Mary's College, Los Angeles California",Mount Saint Mary College,193353,89.4,NO_PHD_PROGRAM,0,,IPEDS unitid=193353: No doctoral CS completions in any CS-family CIP code (2020-2024),,
Mount Senario College,NO MATCH FOUND,,0,NEEDS_REVIEW,0,,No confident match found in IPEDS directory,,
Mt. Sierra College,Mt Sierra College,398130,100.0,NO_PHD_PROGRAM,0,,IPEDS unitid=398130: No doctoral CS completions in any CS-family CIP code (2020-2024),,
Mount Union College,Union College,196866,100.0,NO_PHD_PROGRAM,0,,IPEDS unitid=196866: No doctoral CS completions in any CS-family CIP code (2020-2024),,
Mount Vernon Nazarene College,Mount Vernon Nazarene University,204194,100.0,NO_PHD_VIA_RENAME,0,,Renamed match via pattern 'College->University': IPEDS unitid=204194,College->University,
Mountain State University,Mountain State University,237154,100.0,NO_PHD_PROGRAM,0,,IPEDS unitid=237154: No doctoral CS completions in any CS-family CIP code (2020-2024),,
Muhlenberg College,Muhlenberg College,214175,100.0,NO_PHD_PROGRAM,0,,IPEDS unitid=214175: No doctoral CS completions in any CS-family CIP code (2020-2024),,
Murray State University,Murray State University,157401,100.0,NO_PHD_PROGRAM,0,,IPEDS unitid=157401: No doctoral CS completions in any CS-family CIP code (2020-2024),,
Muskingum College,LIM College,192271,90.0,NO_PHD_PROGRAM,0,,IPEDS unitid=192271: No doctoral CS completions in any CS-family CIP code (2020-2024),,
Naropa University,Naropa University,127653,100.0,NO_PHD_PROGRAM,0,,IPEDS unitid=127653: No doctoral CS completions in any CS-family CIP code (2020-2024),,
National American University,National American University-Rapid City,219204,100.0,NO_PHD_PROGRAM,0,,IPEDS unitid=219204: No doctoral CS completions in any CS-family CIP code (2020-2024),,
National Defense University,Lee University,220613,92.3,NO_PHD_PROGRAM,0,,IPEDS unitid=220613: No doctoral CS completions in any CS-family CIP code (2020-2024),,
The National Graduate School,HJ International Graduate School for Peace and Public Leadership,246789,100.0,NO_PHD_PROGRAM,0,,IPEDS unitid=246789: No doctoral CS completions in any CS-family CIP code (2020-2024),,
National-Louis University,National Louis University,147536,96.0,NO_PHD_PROGRAM,0,,IPEDS unitid=147536: No doctoral CS completions in any CS-family CIP code (2020-2024),,
National Technological University,International Technological University,443128,100.0,NO_PHD_PROGRAM,0,,IPEDS unitid=443128: No doctoral CS completions in any CS-family CIP code (2020-2024),,
National University,National University,119605,100.0,NO_PHD_PROGRAM,0,,IPEDS unitid=119605: No doctoral CS completions in any CS-family CIP code (2020-2024),,
National University of Health Sciences,National University of Health Sciences,147590,100.0,NO_PHD_PROGRAM,0,,IPEDS unitid=147590: No doctoral CS completions in any CS-family CIP code (2020-2024),,
The Naval Postgraduate School,Naval Postgraduate School,119678,100.0,CONFIRMED,27,11.0401 (11.0401): 13 PhDs; 11.0701 (11.0701): 6 PhDs; 11.0804 (11.0804): 7 PhDs; 11.1099 (11.1099): 1 PhDs,"IPEDS unitid=119678, CIP codes: 11.0401, 11.0701, 11.0804, 11.1099",,
Nazarene Bible College,Nazarene Bible College,127714,100.0,NO_PHD_PROGRAM,0,,IPEDS unitid=127714: No doctoral CS completions in any CS-family CIP code (2020-2024),,
Nazareth College,HCI College,490054,90.0,NO_PHD_PROGRAM,0,,IPEDS unitid=490054: No doctoral CS completions in any CS-family CIP code (2020-2024),,
Nebraska Methodist College,Nebraska Methodist College of Nursing & Allied Health,181297,100.0,NO_PHD_PROGRAM,0,,IPEDS unitid=181297: No doctoral CS completions in any CS-family CIP code (2020-2024),,
Nebraska Wesleyan University,Nebraska Wesleyan University,181446,100.0,NO_PHD_PROGRAM,0,,IPEDS unitid=181446: No doctoral CS completions in any CS-family CIP code (2020-2024),,
Neumann College,Neumann University,214272,100.0,NO_PHD_VIA_RENAME,0,,Renamed match via pattern 'College->University': IPEDS unitid=214272,College->University,
Nevada State College,Bay State College,164641,93.8,NO_PHD_PROGRAM,0,,IPEDS unitid=164641: No doctoral CS completions in any CS-family CIP code (2020-2024),,
New Brunswick Theological Seminary,New Brunswick Theological Seminary,185758,100.0,NO_PHD_PROGRAM,0,,IPEDS unitid=185758: No doctoral CS completions in any CS-family CIP code (2020-2024),,
New College of Florida,New College of Florida,262129,100.0,NO_PHD_PROGRAM,0,,IPEDS unitid=262129: No doctoral CS completions in any CS-family CIP code (2020-2024),,
New England College,New England College,182980,100.0,NO_PHD_PROGRAM,0,,IPEDS unitid=182980: No doctoral CS completions in any CS-family CIP code (2020-2024),,
New England College of Optometry,New England College of Optometry,167093,100.0,NO_PHD_PROGRAM,0,,IPEDS unitid=167093: No doctoral CS completions in any CS-family CIP code (2020-2024),,
New England Conservatory of Music,The New England Conservatory of Music,167057,100.0,NO_PHD_PROGRAM,0,,IPEDS unitid=167057: No doctoral CS completions in any CS-family CIP code (2020-2024),,
New England Institute of Technology,New England Institute of Technology,217305,100.0,NO_PHD_PROGRAM,0,,IPEDS unitid=217305: No doctoral CS completions in any CS-family CIP code (2020-2024),,
New England Law,New England Law-Boston,167215,100.0,NO_PHD_PROGRAM,0,,IPEDS unitid=167215: No doctoral CS completions in any CS-family CIP code (2020-2024),,
New England School of Communications,New England School of Communications,373827,100.0,NO_PHD_PROGRAM,0,,IPEDS unitid=373827: No doctoral CS completions in any CS-family CIP code (2020-2024),,
New Jersey City University,New Jersey City University,185129,100.0,NO_PHD_PROGRAM,0,,IPEDS unitid=185129: No doctoral CS completions in any CS-family CIP code (2020-2024),,
New Jersey Institute of Technology,New Jersey Institute of Technology,185828,100.0,CONFIRMED,87,11.0101 (11.0101): 56 PhDs; 11.0401 (11.0401): 16 PhDs; 14.0901 (14.0901): 15 PhDs,"IPEDS unitid=185828, CIP codes: 11.0101, 11.0401, 14.0901",,
New Mexico Highlands University,New Mexico Highlands University,187897,100.0,NO_PHD_PROGRAM,0,,IPEDS unitid=187897: No doctoral CS completions in any CS-family CIP code (2020-2024),,
New Mexico Institute of Mining and Technology,New Mexico Institute of Mining and Technology,187967,100.0,CONFIRMED,8,11.0701 (11.0701): 8 PhDs,"IPEDS unitid=187967, CIP codes: 11.0701",,
New Mexico State University,New Mexico State University-Alamogordo,187994,100.0,NO_PHD_PROGRAM,0,,IPEDS unitid=187994: No doctoral CS completions in any CS-family CIP code (2020-2024),,
New Saint Andrews College,New Saint Andrews College,440396,100.0,NO_PHD_PROGRAM,0,,IPEDS unitid=440396: No doctoral CS completions in any CS-family CIP code (2020-2024),,
New School of Architecture and Design,The New School,193654,100.0,NO_PHD_PROGRAM,0,,IPEDS unitid=193654: No doctoral CS completions in any CS-family CIP code (2020-2024),,
New School University,The New School,193654,100.0,NO_PHD_PROGRAM,0,,IPEDS unitid=193654: No doctoral CS completions in any CS-family CIP code (2020-2024),,
New World School of the Arts,University of North Carolina School of the Arts,199184,81.6,NEEDS_REVIEW,0,,IPEDS unitid=199184: No doctoral CS completions in any CS-family CIP code (2020-2024) [match score 82 < threshold 85],,
New York Academy of Art,New York Academy of Art,366368,100.0,NO_PHD_PROGRAM,0,,IPEDS unitid=366368: No doctoral CS completions in any CS-family CIP code (2020-2024),,
New York Institute of Technology,New York Institute of Technology,194091,100.0,NO_PHD_PROGRAM,0,,IPEDS unitid=194091: No doctoral CS completions in any CS-family CIP code (2020-2024),,
New York Law School,New York Law School,193821,100.0,NO_PHD_PROGRAM,0,,IPEDS unitid=193821: No doctoral CS completions in any CS-family CIP code (2020-2024),,
New York University,New York University,193900,100.0,CONFIRMED,143,11.0101 (11.0101): 143 PhDs,"IPEDS unitid=193900, CIP codes: 11.0101",,
Newberry College,Newberry College,218414,100.0,NO_PHD_PROGRAM,0,,IPEDS unitid=218414: No doctoral CS completions in any CS-family CIP code (2020-2024),,
Newport University,Christopher Newport University,231712,100.0,NO_PHD_PROGRAM,0,,IPEDS unitid=231712: No doctoral CS completions in any CS-family CIP code (2020-2024),,
Niagara University,Niagara University,193973,100.0,NO_PHD_PROGRAM,0,,IPEDS unitid=193973: No doctoral CS completions in any CS-family CIP code (2020-2024),,
Nicholls State University,Nicholls State University,159966,100.0,NO_PHD_PROGRAM,0,,IPEDS unitid=159966: No doctoral CS completions in any CS-family CIP code (2020-2024),,
Nichols College,Nichols College,167260,100.0,NO_PHD_PROGRAM,0,,IPEDS unitid=167260: No doctoral CS completions in any CS-family CIP code (2020-2024),,
Norfolk State University,Norfolk State University,232937,100.0,NO_PHD_PROGRAM,0,,IPEDS unitid=232937: No doctoral CS completions in any CS-family CIP code (2020-2024),,
North Carolina Agricultural and Technical State University,Ball State University,150136,95.0,NO_PHD_PROGRAM,0,,IPEDS unitid=150136: No doctoral CS completions in any CS-family CIP code (2020-2024),,
North Carolina Central University,North Carolina Central University,199157,100.0,NO_PHD_PROGRAM,0,,IPEDS unitid=199157: No doctoral CS completions in any CS-family CIP code (2020-2024),,
North Carolina School of the Arts,University of North Carolina School of the Arts,199184,100.0,NO_PHD_PROGRAM,0,,IPEDS unitid=199184: No doctoral CS completions in any CS-family CIP code (2020-2024),,
North Carolina State University,North Carolina State University at Raleigh,199193,100.0,CONFIRMED,165,11.0701 (11.0701): 134 PhDs; 14.0901 (14.0901): 31 PhDs,"IPEDS unitid=199193, CIP codes: 11.0701, 14.0901",,
North Carolina Wesleyan College,Wesleyan College,141325,100.0,NO_PHD_PROGRAM,0,,IPEDS unitid=141325: No doctoral CS completions in any CS-family CIP code (2020-2024),,
North Central College,North Central College,147660,100.0,NO_PHD_PROGRAM,0,,IPEDS unitid=147660: No doctoral CS completions in any CS-family CIP code (2020-2024),,
North Central University,North Central University,174437,100.0,NO_PHD_PROGRAM,0,,IPEDS unitid=174437: No doctoral CS completions in any CS-family CIP code (2020-2024),,
North Dakota State University--Fargo,Dakota State University,219082,100.0,CONFIRMED,83,11.0101 (11.0101): 2 PhDs; 11.0401 (11.0401): 32 PhDs; 11.1003 (11.1003): 49 PhDs,"IPEDS unitid=219082, CIP codes: 11.0101, 11.0401, 11.1003",,
"North Georgia College and State University, the Military College of Georgia",University of North Georgia,140669,100.0,NO_PHD_VIA_WEB_RESOLVE,0,,"Web-resolved: North Georgia College and State University, the Military College of Georgia -> University of North Georgia (merged with Gainesville State College 2013) -> IPEDS unitid=140669",,"North Georgia College and State University, the Military College of Georgia -> University of North Georgia (merged with Gainesville State College 2013)"
North Greenville University,North Greenville University,218441,100.0,NO_PHD_PROGRAM,0,,IPEDS unitid=218441: No doctoral CS completions in any CS-family CIP code (2020-2024),,
North Park University,North Park University,147679,100.0,NO_PHD_PROGRAM,0,,IPEDS unitid=147679: No doctoral CS completions in any CS-family CIP code (2020-2024),,
Northcentral University,Northcentral University,444130,100.0,CONFIRMED,129,11.0101 (11.0101): 77 PhDs; 11.0301 (11.0301): 29 PhDs; 11.0701 (11.0701): 23 PhDs,"IPEDS unitid=444130, CIP codes: 11.0101, 11.0301, 11.0701",,
Northeastern Illinois University,Northeastern Illinois University,147776,100.0,NO_PHD_PROGRAM,0,,IPEDS unitid=147776: No doctoral CS completions in any CS-family CIP code (2020-2024),,
Northeastern University,Northeastern University,167358,100.0,CONFIRMED,202,11.0101 (11.0101): 105 PhDs; 11.1003 (11.1003): 9 PhDs; 14.0901 (14.0901): 88 PhDs,"IPEDS unitid=167358, CIP codes: 11.0101, 11.1003, 14.0901",,
Northeastern State University,Northeastern State University,207263,100.0,NO_PHD_PROGRAM,0,,IPEDS unitid=207263: No doctoral CS completions in any CS-family CIP code (2020-2024),,
Northern Arizona University,Northern Arizona University,105330,100.0,CONFIRMED,30,11.0104 (11.0104): 30 PhDs,"IPEDS unitid=105330, CIP codes: 11.0104",,
Northern Illinois University,Northern Illinois University,147703,100.0,CONFIRMED,1,11.0701 (11.0701): 1 PhDs,"IPEDS unitid=147703, CIP codes: 11.0701",,
Northern Kentucky University,Northern Kentucky University,157447,100.0,NO_PHD_PROGRAM,0,,IPEDS unitid=157447: No doctoral CS completions in any CS-family CIP code (2020-2024),,
Northern Michigan University,Northern Michigan University,171456,100.0,NO_PHD_PROGRAM,0,,IPEDS unitid=171456: No doctoral CS completions in any CS-family CIP code (2020-2024),,
Northern State University,Northern State University,219259,100.0,NO_PHD_PROGRAM,0,,IPEDS unitid=219259: No doctoral CS completions in any CS-family CIP code (2020-2024),,
Northland College,Northland College,239512,100.0,NO_PHD_PROGRAM,0,,IPEDS unitid=239512: No doctoral CS completions in any CS-family CIP code (2020-2024),,
Northwest Christian College,Pacific Northwest Christian College,495147,100.0,NO_PHD_PROGRAM,0,,IPEDS unitid=495147: No doctoral CS completions in any CS-family CIP code (2020-2024),,
Northwest College of Art,Pacific Northwest College of Art,209603,100.0,NO_PHD_PROGRAM,0,,IPEDS unitid=209603: No doctoral CS completions in any CS-family CIP code (2020-2024),,
Northwest Missouri State University,Northwest Missouri State University,178624,100.0,NO_PHD_PROGRAM,0,,IPEDS unitid=178624: No doctoral CS completions in any CS-family CIP code (2020-2024),,
Northwest Nazarene University,Northwest Nazarene University,142461,100.0,NO_PHD_PROGRAM,0,,IPEDS unitid=142461: No doctoral CS completions in any CS-family CIP code (2020-2024),,
Northwest University,Northwest University,236133,100.0,NO_PHD_PROGRAM,0,,IPEDS unitid=236133: No doctoral CS completions in any CS-family CIP code (2020-2024),,
Northwestern Oklahoma State University,Northwestern Oklahoma State University,207306,100.0,NO_PHD_PROGRAM,0,,IPEDS unitid=207306: No doctoral CS completions in any CS-family CIP code (2020-2024),,
"Northwestern State University, Louisiana",Northeastern State University,207263,96.6,NO_PHD_PROGRAM,0,,IPEDS unitid=207263: No doctoral CS completions in any CS-family CIP code (2020-2024),,
"Northwestern College, Iowa",Northwestern College,260992,100.0,NO_PHD_PROGRAM,0,,IPEDS unitid=260992: No doctoral CS completions in any CS-family CIP code (2020-2024),,
"Northwestern College, Saint Paul, MN",Northwestern College,260992,100.0,NO_PHD_PROGRAM,0,,IPEDS unitid=260992: No doctoral CS completions in any CS-family CIP code (2020-2024),,
Northwestern Michigan College,Northwestern Michigan College,171483,100.0,NO_PHD_PROGRAM,0,,IPEDS unitid=171483: No doctoral CS completions in any CS-family CIP code (2020-2024),,
Northwestern University,Northwestern University,147767,100.0,CONFIRMED,96,11.0199 (11.0199): 2 PhDs; 11.0701 (11.0701): 63 PhDs; 14.0901 (14.0901): 31 PhDs,"IPEDS unitid=147767, CIP codes: 11.0199, 11.0701, 14.0901",,
Northwood University,Northwood University,171492,100.0,NO_PHD_PROGRAM,0,,IPEDS unitid=171492: No doctoral CS completions in any CS-family CIP code (2020-2024),,
Norwich University,Norwich University,230995,100.0,NO_PHD_PROGRAM,0,,IPEDS unitid=230995: No doctoral CS completions in any CS-family CIP code (2020-2024),,
Notre Dame College of Ohio,Notre Dame College,204468,100.0,NO_PHD_PROGRAM,0,,IPEDS unitid=204468: No doctoral CS completions in any CS-family CIP code (2020-2024),,
Notre Dame de Namur University,Notre Dame de Namur University,120184,100.0,NO_PHD_PROGRAM,0,,IPEDS unitid=120184: No doctoral CS completions in any CS-family CIP code (2020-2024),,
Nova Southeastern University,Nova Southeastern University,136215,100.0,CONFIRMED,115,11.0101 (11.0101): 2 PhDs; 11.0199 (11.0199): 2 PhDs; 11.0401 (11.0401): 69 PhDs; 11.0701 (11.0701): 23 PhDs; 11.1003 (11.1003): 19 PhDs,"IPEDS unitid=136215, CIP codes: 11.0101, 11.0199, 11.0401, 11.0701, 11.1003",,
Nyack College,NO MATCH FOUND,,0,NEEDS_REVIEW,0,,No confident match found in IPEDS directory,,
Oakland University,Oakland University,171571,100.0,CONFIRMED,28,11.0103 (11.0103): 28 PhDs,"IPEDS unitid=171571, CIP codes: 11.0103",,
Oakwood College,Hood College,162760,95.7,NO_PHD_PROGRAM,0,,IPEDS unitid=162760: No doctoral CS completions in any CS-family CIP code (2020-2024),,
Oberlin College,Oberlin College,204501,100.0,NO_PHD_PROGRAM,0,,IPEDS unitid=204501: No doctoral CS completions in any CS-family CIP code (2020-2024),,
Occidental College,Occidental College,120254,100.0,NO_PHD_PROGRAM,0,,IPEDS unitid=120254: No doctoral CS completions in any CS-family CIP code (2020-2024),,
Oglethorpe University,Oglethorpe University,140696,100.0,NO_PHD_PROGRAM,0,,IPEDS unitid=140696: No doctoral CS completions in any CS-family CIP code (2020-2024),,
Ohio Dominican University,Ohio Dominican University,204617,100.0,NO_PHD_PROGRAM,0,,IPEDS unitid=204617: No doctoral CS completions in any CS-family CIP code (2020-2024),,
Ohio Northern University,Ohio Northern University,204635,100.0,NO_PHD_PROGRAM,0,,IPEDS unitid=204635: No doctoral CS completions in any CS-family CIP code (2020-2024),,
The Ohio State University,Ohio State University-Main Campus,204796,100.0,CONFIRMED,123,14.0901 (14.0901): 123 PhDs,"IPEDS unitid=204796, CIP codes: 14.0901",,
Ohio University,Ohio University-Southern Campus,204839,100.0,NO_PHD_PROGRAM,0,,IPEDS unitid=204839: No doctoral CS completions in any CS-family CIP code (2020-2024),,
Ohio Valley College,Key College,134422,95.2,NO_PHD_PROGRAM,0,,IPEDS unitid=134422: No doctoral CS completions in any CS-family CIP code (2020-2024),,
Ohio Wesleyan University,Ohio Wesleyan University,204909,100.0,NO_PHD_PROGRAM,0,,IPEDS unitid=204909: No doctoral CS completions in any CS-family CIP code (2020-2024),,
Oklahoma Baptist University,Oklahoma Baptist University,207403,100.0,NO_PHD_PROGRAM,0,,IPEDS unitid=207403: No doctoral CS completions in any CS-family CIP code (2020-2024),,
Oklahoma Christian University,Oklahoma Christian University,207324,100.0,NO_PHD_PROGRAM,0,,IPEDS unitid=207324: No doctoral CS completions in any CS-family CIP code (2020-2024),,
Oklahoma City University,Oklahoma City University,207458,100.0,NO_PHD_PROGRAM,0,,IPEDS unitid=207458: No doctoral CS completions in any CS-family CIP code (2020-2024),,
Oklahoma Panhandle State University,Oklahoma Panhandle State University,207351,100.0,NO_PHD_PROGRAM,0,,IPEDS unitid=207351: No doctoral CS completions in any CS-family CIP code (2020-2024),,
Oklahoma State University,Oklahoma State University-Main Campus,207388,100.0,CONFIRMED,13,11.0101 (11.0101): 13 PhDs,"IPEDS unitid=207388, CIP codes: 11.0101",,
Oklahoma State University Tulsa,NO MATCH FOUND,,0,NEEDS_REVIEW,0,,No confident match found in IPEDS directory,,
Oklahoma Wesleyan University,Oklahoma Wesleyan University,206835,100.0,NO_PHD_PROGRAM,0,,IPEDS unitid=206835: No doctoral CS completions in any CS-family CIP code (2020-2024),,
Old Dominion University,Old Dominion University,232982,100.0,CONFIRMED,18,11.0101 (11.0101): 18 PhDs,"IPEDS unitid=232982, CIP codes: 11.0101",,
Olin College of Engineering,Franklin W Olin College of Engineering,441982,100.0,NO_PHD_PROGRAM,0,,IPEDS unitid=441982: No doctoral CS completions in any CS-family CIP code (2020-2024),,
Olivet College,ACT College,419022,90.0,NO_PHD_PROGRAM,0,,IPEDS unitid=419022: No doctoral CS completions in any CS-family CIP code (2020-2024),,
Olivet Nazarene University,Olivet Nazarene University,147828,100.0,NO_PHD_PROGRAM,0,,IPEDS unitid=147828: No doctoral CS completions in any CS-family CIP code (2020-2024),,
The Open University,Aspen University,454829,96.6,CONFIRMED,31,11.0701 (11.0701): 31 PhDs,"IPEDS unitid=454829, CIP codes: 11.0701",,
Oral Roberts University,Oral Roberts University,207582,100.0,NO_PHD_PROGRAM,0,,IPEDS unitid=207582: No doctoral CS completions in any CS-family CIP code (2020-2024),,
Oregon Graduate Institute of Science and Technology,NO MATCH FOUND,,0,NEEDS_REVIEW,0,,No confident match found in IPEDS directory,,
Oregon Health Sciences University,Oregon Health & Science University,209490,95.5,CONFIRMED,9,14.0901 (14.0901): 9 PhDs,"IPEDS unitid=209490, CIP codes: 14.0901",,
Oregon Institute of Technology,Oregon Institute of Technology,209506,100.0,NO_PHD_PROGRAM,0,,IPEDS unitid=209506: No doctoral CS completions in any CS-family CIP code (2020-2024),,
Oregon State University,Oregon State University,209542,100.0,CONFIRMED,85,11.0701 (11.0701): 85 PhDs,"IPEDS unitid=209542, CIP codes: 11.0701",,
Otterbein College,Otterbein University,204936,100.0,NO_PHD_VIA_RENAME,0,,Renamed match via pattern 'College->University': IPEDS unitid=204936,College->University,
Ottawa University,Ottawa University-Online,454582,100.0,NO_PHD_PROGRAM,0,,IPEDS unitid=454582: No doctoral CS completions in any CS-family CIP code (2020-2024),,
Ouachita Baptist University,Ouachita Baptist University,107512,100.0,NO_PHD_PROGRAM,0,,IPEDS unitid=107512: No doctoral CS completions in any CS-family CIP code (2020-2024),,
Our Lady of the Lake University,Our Lady of the Lake University,227331,100.0,NO_PHD_PROGRAM,0,,IPEDS unitid=227331: No doctoral CS completions in any CS-family CIP code (2020-2024),,
Our Lady of Holy Cross College,Holy Cross College,150774,100.0,NO_PHD_PROGRAM,0,,IPEDS unitid=150774: No doctoral CS completions in any CS-family CIP code (2020-2024),,
Pace University,Pace University,194310,100.0,CONFIRMED,36,11.0101 (11.0101): 21 PhDs; 11.0701 (11.0701): 15 PhDs,"IPEDS unitid=194310, CIP codes: 11.0101, 11.0701",,
Pacific College of Oriental Medicine,Pacific College,422695,100.0,NO_PHD_PROGRAM,0,,IPEDS unitid=422695: No doctoral CS completions in any CS-family CIP code (2020-2024),,
Pacific Lutheran University,Pacific Lutheran University,236230,100.0,NO_PHD_PROGRAM,0,,IPEDS unitid=236230: No doctoral CS completions in any CS-family CIP code (2020-2024),,
Pacific Northwest College of Art,Pacific Northwest College of Art,209603,100.0,NO_PHD_PROGRAM,0,,IPEDS unitid=209603: No doctoral CS completions in any CS-family CIP code (2020-2024),,
Pacific Oaks College,Pacific Oaks College,120768,100.0,NO_PHD_PROGRAM,0,,IPEDS unitid=120768: No doctoral CS completions in any CS-family CIP code (2020-2024),,
Pacific States University,Pacific States University,120838,100.0,NO_PHD_PROGRAM,0,,IPEDS unitid=120838: No doctoral CS completions in any CS-family CIP code (2020-2024),,
Pacific Union College,Pacific Union College,120865,100.0,NO_PHD_PROGRAM,0,,IPEDS unitid=120865: No doctoral CS completions in any CS-family CIP code (2020-2024),,
Pacific University,Pacific University,209612,100.0,NO_PHD_PROGRAM,0,,IPEDS unitid=209612: No doctoral CS completions in any CS-family CIP code (2020-2024),,
Paine College,Paine College,140720,100.0,NO_PHD_PROGRAM,0,,IPEDS unitid=140720: No doctoral CS completions in any CS-family CIP code (2020-2024),,
Palm Beach Atlantic College,Palm Beach Atlantic University,136330,100.0,NO_PHD_VIA_RENAME,0,,Renamed match via pattern 'College->University': IPEDS unitid=136330,College->University,
Palmer College of Chiropractic,Palmer College of Chiropractic,154174,100.0,NO_PHD_PROGRAM,0,,IPEDS unitid=154174: No doctoral CS completions in any CS-family CIP code (2020-2024),,
Park College,Moorpark College,119137,100.0,NO_PHD_PROGRAM,0,,IPEDS unitid=119137: No doctoral CS completions in any CS-family CIP code (2020-2024),,
Parsons School of Design,NO MATCH FOUND,,0,NEEDS_REVIEW,0,,No confident match found in IPEDS directory,,
Patten College,Patten University,121071,100.0,NO_PHD_VIA_RENAME,0,,Renamed match via pattern 'College->University': IPEDS unitid=121071,College->University,
Patrick Henry College,Patrick Henry College,451927,100.0,NO_PHD_PROGRAM,0,,IPEDS unitid=451927: No doctoral CS completions in any CS-family CIP code (2020-2024),,
Paul Quinn College,Paul Quinn College,227429,100.0,NO_PHD_PROGRAM,0,,IPEDS unitid=227429: No doctoral CS completions in any CS-family CIP code (2020-2024),,
Paul Smith's College,Paul Smiths College of Arts and Science,194392,97.4,NO_PHD_PROGRAM,0,,IPEDS unitid=194392: No doctoral CS completions in any CS-family CIP code (2020-2024),,
Peace College,Coe College,153144,95.2,NO_PHD_PROGRAM,0,,IPEDS unitid=153144: No doctoral CS completions in any CS-family CIP code (2020-2024),,
Pennsylvania College of Technology,Pennsylvania College of Technology,366252,100.0,NO_PHD_PROGRAM,0,,IPEDS unitid=366252: No doctoral CS completions in any CS-family CIP code (2020-2024),,
The Pennsylvania State University,The Pennsylvania State University,495767,100.0,CONFIRMED,56,11.0104 (11.0104): 8 PhDs; 11.0401 (11.0401): 24 PhDs; 11.0701 (11.0701): 24 PhDs,"IPEDS unitid=495767, CIP codes: 11.0104, 11.0401, 11.0701",,
Pennsylvania State University at Altoona,The Pennsylvania State University,495767,100.0,CONFIRMED,56,11.0104 (11.0104): 8 PhDs; 11.0401 (11.0401): 24 PhDs; 11.0701 (11.0701): 24 PhDs,"IPEDS unitid=495767, CIP codes: 11.0104, 11.0401, 11.0701",,
"Pennsylvania State University, Great Valley",The Pennsylvania State University,495767,100.0,CONFIRMED,56,11.0104 (11.0104): 8 PhDs; 11.0401 (11.0401): 24 PhDs; 11.0701 (11.0701): 24 PhDs,"IPEDS unitid=495767, CIP codes: 11.0104, 11.0401, 11.0701",,
Pennsylvania State University at Harrisburg,The Pennsylvania State University,495767,100.0,CONFIRMED,56,11.0104 (11.0104): 8 PhDs; 11.0401 (11.0401): 24 PhDs; 11.0701 (11.0701): 24 PhDs,"IPEDS unitid=495767, CIP codes: 11.0104, 11.0401, 11.0701",,
"Pennsylvania State University, Worthington Scranton",The Pennsylvania State University,495767,100.0,CONFIRMED,56,11.0104 (11.0104): 8 PhDs; 11.0401 (11.0401): 24 PhDs; 11.0701 (11.0701): 24 PhDs,"IPEDS unitid=495767, CIP codes: 11.0104, 11.0401, 11.0701",,
Pensacola Christian College,NO MATCH FOUND,,0,NEEDS_REVIEW,0,,No confident match found in IPEDS directory,,
Pepperdine University,Pepperdine University,121150,100.0,NO_PHD_PROGRAM,0,,IPEDS unitid=121150: No doctoral CS completions in any CS-family CIP code (2020-2024),,
Peru State College,Peru State College,181534,100.0,NO_PHD_PROGRAM,0,,IPEDS unitid=181534: No doctoral CS completions in any CS-family CIP code (2020-2024),,
Pfeiffer University,Pfeiffer University,199306,100.0,NO_PHD_PROGRAM,0,,IPEDS unitid=199306: No doctoral CS completions in any CS-family CIP code (2020-2024),,
Pickering University,King University,220516,96.6,NO_PHD_PROGRAM,0,,IPEDS unitid=220516: No doctoral CS completions in any CS-family CIP code (2020-2024),,
Piedmont College,ACT College,419022,90.0,NO_PHD_PROGRAM,0,,IPEDS unitid=419022: No doctoral CS completions in any CS-family CIP code (2020-2024),,
Pikeville College,Lee College,226204,95.2,NO_PHD_PROGRAM,0,,IPEDS unitid=226204: No doctoral CS completions in any CS-family CIP code (2020-2024),,
Pine Manor College,Pine Manor College,167455,100.0,NO_PHD_PROGRAM,0,,IPEDS unitid=167455: No doctoral CS completions in any CS-family CIP code (2020-2024),,
Pittsburg State University,Pittsburg State University,155681,100.0,NO_PHD_PROGRAM,0,,IPEDS unitid=155681: No doctoral CS completions in any CS-family CIP code (2020-2024),,
Pitzer College,Pitzer College,121257,100.0,NO_PHD_PROGRAM,0,,IPEDS unitid=121257: No doctoral CS completions in any CS-family CIP code (2020-2024),,
Philadelphia Biblical University,NO MATCH FOUND,,0,NEEDS_REVIEW,0,,No confident match found in IPEDS directory,,
Philadelphia University,Jefferson (Philadelphia University + Thomas Jefferson University),215099,100.0,NO_PHD_PROGRAM,0,,IPEDS unitid=215099: No doctoral CS completions in any CS-family CIP code (2020-2024),,
Philander Smith College,Smith College,167835,100.0,NO_PHD_PROGRAM,0,,IPEDS unitid=167835: No doctoral CS completions in any CS-family CIP code (2020-2024),,
Phillips University,NO MATCH FOUND,,0,NEEDS_REVIEW,0,,No confident match found in IPEDS directory,,
"Plymouth State University, Plymouth New Hampshire",Plymouth State University,183080,100.0,NO_PHD_PROGRAM,0,,IPEDS unitid=183080: No doctoral CS completions in any CS-family CIP code (2020-2024),,
Point Loma Nazarene College,Point Loma Nazarene University,121309,100.0,NO_PHD_VIA_RENAME,0,,Renamed match via pattern 'College->University': IPEDS unitid=121309,College->University,
Point Park University,Point Park University,215442,100.0,NO_PHD_PROGRAM,0,,IPEDS unitid=215442: No doctoral CS completions in any CS-family CIP code (2020-2024),,
Polytechnic University of New York,NUC University,242972,92.9,NO_PHD_PROGRAM,0,,IPEDS unitid=242972: No doctoral CS completions in any CS-family CIP code (2020-2024),,
Polytechnic University of Puerto Rico,Polytechnic University of Puerto Rico-Miami,456481,100.0,NO_PHD_PROGRAM,0,,IPEDS unitid=456481: No doctoral CS completions in any CS-family CIP code (2020-2024),,
Pomona College,Pomona College,121345,100.0,NO_PHD_PROGRAM,0,,IPEDS unitid=121345: No doctoral CS completions in any CS-family CIP code (2020-2024),,
Pontifical University,NO MATCH FOUND,,0,NEEDS_REVIEW,0,,No confident match found in IPEDS directory,,
Portland State University,Portland State University,209807,100.0,CONFIRMED,21,11.0701 (11.0701): 21 PhDs,"IPEDS unitid=209807, CIP codes: 11.0701",,
Potomac College,ACT College,419022,95.2,NO_PHD_PROGRAM,0,,IPEDS unitid=419022: No doctoral CS completions in any CS-family CIP code (2020-2024),,
Prairie View A & M University,Prairie View A & M University,227526,100.0,NO_PHD_PROGRAM,0,,IPEDS unitid=227526: No doctoral CS completions in any CS-family CIP code (2020-2024),,
Pratt Institute,Pratt Institute-Main,194578,100.0,NO_PHD_PROGRAM,0,,IPEDS unitid=194578: No doctoral CS completions in any CS-family CIP code (2020-2024),,
Presbyterian College,Presbyterian College,218539,100.0,NO_PHD_PROGRAM,0,,IPEDS unitid=218539: No doctoral CS completions in any CS-family CIP code (2020-2024),,
Prescott College,Prescott College,105589,100.0,NO_PHD_PROGRAM,0,,IPEDS unitid=105589: No doctoral CS completions in any CS-family CIP code (2020-2024),,
Preston University,NO MATCH FOUND,,0,NEEDS_REVIEW,0,,No confident match found in IPEDS directory,,
Princeton University,Princeton University,186131,100.0,CONFIRMED,128,11.0701 (11.0701): 128 PhDs,"IPEDS unitid=186131, CIP codes: 11.0701",,
Principia College,Principia College,148016,100.0,NO_PHD_PROGRAM,0,,IPEDS unitid=148016: No doctoral CS completions in any CS-family CIP code (2020-2024),,
Providence College,Providence College,217402,100.0,NO_PHD_PROGRAM,0,,IPEDS unitid=217402: No doctoral CS completions in any CS-family CIP code (2020-2024),,
Purdue University,Purdue University-Main Campus,243780,100.0,CONFIRMED,161,11.0701 (11.0701): 161 PhDs,"IPEDS unitid=243780, CIP codes: 11.0701",,
Purdue University North Central,Purdue University-North Central Campus,152266,96.8,NO_PHD_PROGRAM,0,,IPEDS unitid=152266: No doctoral CS completions in any CS-family CIP code (2020-2024),,
Queens College,CUNY Queens College,190664,100.0,NO_PHD_PROGRAM,0,,IPEDS unitid=190664: No doctoral CS completions in any CS-family CIP code (2020-2024),,
Quincy University,Quincy University,148131,100.0,NO_PHD_PROGRAM,0,,IPEDS unitid=148131: No doctoral CS completions in any CS-family CIP code (2020-2024),,
Quinnipiac College,ACT College,419022,95.2,NO_PHD_PROGRAM,0,,IPEDS unitid=419022: No doctoral CS completions in any CS-family CIP code (2020-2024),,
Radford University,Radford University,233277,100.0,NO_PHD_PROGRAM,0,,IPEDS unitid=233277: No doctoral CS completions in any CS-family CIP code (2020-2024),,
Ramapo College of New Jersey,Ramapo College of New Jersey,186201,100.0,NO_PHD_PROGRAM,0,,IPEDS unitid=186201: No doctoral CS completions in any CS-family CIP code (2020-2024),,
Randolph College,Randolph College,233301,100.0,NO_PHD_PROGRAM,0,,IPEDS unitid=233301: No doctoral CS completions in any CS-family CIP code (2020-2024),,
Randolph-Macon College,Randolph-Macon College,233295,100.0,NO_PHD_PROGRAM,0,,IPEDS unitid=233295: No doctoral CS completions in any CS-family CIP code (2020-2024),,
Rasmussen College,NO MATCH FOUND,,0,NEEDS_REVIEW,0,,No confident match found in IPEDS directory,,
Reed College,Reed College,209922,100.0,NO_PHD_PROGRAM,0,,IPEDS unitid=209922: No doctoral CS completions in any CS-family CIP code (2020-2024),,
Regent University,Regent University,231651,100.0,NO_PHD_PROGRAM,0,,IPEDS unitid=231651: No doctoral CS completions in any CS-family CIP code (2020-2024),,
Regis College,Regis College,167598,100.0,NO_PHD_PROGRAM,0,,IPEDS unitid=167598: No doctoral CS completions in any CS-family CIP code (2020-2024),,
Regis University,Regis University,127918,100.0,NO_PHD_PROGRAM,0,,IPEDS unitid=127918: No doctoral CS completions in any CS-family CIP code (2020-2024),,
Reinhardt College,Reinhardt University,140872,100.0,NO_PHD_VIA_RENAME,0,,Renamed match via pattern 'College->University': IPEDS unitid=140872,College->University,
Remington College,Remington College-Honolulu Campus,372958,100.0,NO_PHD_PROGRAM,0,,IPEDS unitid=372958: No doctoral CS completions in any CS-family CIP code (2020-2024),,
Rensselaer Polytechnic Institute,Rensselaer Polytechnic Institute,194824,100.0,CONFIRMED,56,11.0701 (11.0701): 56 PhDs,"IPEDS unitid=194824, CIP codes: 11.0701",,
Rhode Island College,Rhode Island College,217420,100.0,NO_PHD_PROGRAM,0,,IPEDS unitid=217420: No doctoral CS completions in any CS-family CIP code (2020-2024),,
Rhode Island School of Design,Rhode Island School of Design,217493,100.0,NO_PHD_PROGRAM,0,,IPEDS unitid=217493: No doctoral CS completions in any CS-family CIP code (2020-2024),,
Rhodes College,Rhodes College,221351,100.0,NO_PHD_PROGRAM,0,,IPEDS unitid=221351: No doctoral CS completions in any CS-family CIP code (2020-2024),,
Rice University,Rice University,227757,100.0,CONFIRMED,72,11.0101 (11.0101): 72 PhDs,"IPEDS unitid=227757, CIP codes: 11.0101",,
The Richard Stockton College of New Jersey,The College of New Jersey,187134,100.0,NO_PHD_PROGRAM,0,,IPEDS unitid=187134: No doctoral CS completions in any CS-family CIP code (2020-2024),,
Rider University,Rider University,186283,100.0,NO_PHD_PROGRAM,0,,IPEDS unitid=186283: No doctoral CS completions in any CS-family CIP code (2020-2024),,
Ringling School of Art and Design,Ringling College of Art and Design,136774,89.6,NO_PHD_PROGRAM,0,,IPEDS unitid=136774: No doctoral CS completions in any CS-family CIP code (2020-2024),,
Ripon College,Ripon College,239628,100.0,NO_PHD_PROGRAM,0,,IPEDS unitid=239628: No doctoral CS completions in any CS-family CIP code (2020-2024),,
Rivier College,American River College,109208,96.3,NO_PHD_PROGRAM,0,,IPEDS unitid=109208: No doctoral CS completions in any CS-family CIP code (2020-2024),,
Roanoke College,Roanoke College,233426,100.0,NO_PHD_PROGRAM,0,,IPEDS unitid=233426: No doctoral CS completions in any CS-family CIP code (2020-2024),,
"Robert Morris College, Illinois",Morris College,218399,100.0,NO_PHD_PROGRAM,0,,IPEDS unitid=218399: No doctoral CS completions in any CS-family CIP code (2020-2024),,
"Robert Morris College, Pittsburgh, PA",Morris College,218399,100.0,NO_PHD_PROGRAM,0,,IPEDS unitid=218399: No doctoral CS completions in any CS-family CIP code (2020-2024),,
Roberts Wesleyan College,Wesleyan College,141325,100.0,NO_PHD_PROGRAM,0,,IPEDS unitid=141325: No doctoral CS completions in any CS-family CIP code (2020-2024),,
Rochester Institute of Technology,Rochester Institute of Technology,195003,100.0,CONFIRMED,57,11.0101 (11.0101): 57 PhDs,"IPEDS unitid=195003, CIP codes: 11.0101",,
Rochester College,Rochester University,170967,100.0,NO_PHD_VIA_RENAME,0,,Renamed match via pattern 'College->University': IPEDS unitid=170967,College->University,
The Rockefeller University,The Rockefeller University,195049,100.0,NO_PHD_PROGRAM,0,,IPEDS unitid=195049: No doctoral CS completions in any CS-family CIP code (2020-2024),,
Rockford College,Rockford University,148405,100.0,NO_PHD_VIA_RENAME,0,,Renamed match via pattern 'College->University': IPEDS unitid=148405,College->University,
Rockhurst University,Rockhurst University,179043,100.0,NO_PHD_PROGRAM,0,,IPEDS unitid=179043: No doctoral CS completions in any CS-family CIP code (2020-2024),,
Rocky Mountain College,Rocky Mountain College,180595,100.0,NO_PHD_PROGRAM,0,,IPEDS unitid=180595: No doctoral CS completions in any CS-family CIP code (2020-2024),,
Roger Williams University,Roger Williams University,217518,100.0,NO_PHD_PROGRAM,0,,IPEDS unitid=217518: No doctoral CS completions in any CS-family CIP code (2020-2024),,
Rogers State University,Rogers State University,207661,100.0,NO_PHD_PROGRAM,0,,IPEDS unitid=207661: No doctoral CS completions in any CS-family CIP code (2020-2024),,
Rollins College,Rollins College,136950,100.0,NO_PHD_PROGRAM,0,,IPEDS unitid=136950: No doctoral CS completions in any CS-family CIP code (2020-2024),,
Roosevelt University,Roosevelt University,148487,100.0,NO_PHD_PROGRAM,0,,IPEDS unitid=148487: No doctoral CS completions in any CS-family CIP code (2020-2024),,
Rose-Hulman Institute of Technology,Rose-Hulman Institute of Technology,152318,100.0,NO_PHD_PROGRAM,0,,IPEDS unitid=152318: No doctoral CS completions in any CS-family CIP code (2020-2024),,
Rosemont College,Rosemont College,215691,100.0,NO_PHD_PROGRAM,0,,IPEDS unitid=215691: No doctoral CS completions in any CS-family CIP code (2020-2024),,
Rowan University,Rowan University,184782,100.0,NO_PHD_PROGRAM,0,,IPEDS unitid=184782: No doctoral CS completions in any CS-family CIP code (2020-2024),,
Rush University,Rush University,148511,100.0,NO_PHD_PROGRAM,0,,IPEDS unitid=148511: No doctoral CS completions in any CS-family CIP code (2020-2024),,
Russell Sage College,Russell Sage College,195128,100.0,NO_PHD_PROGRAM,0,,IPEDS unitid=195128: No doctoral CS completions in any CS-family CIP code (2020-2024),,
Rust College,Rust College,176318,100.0,NO_PHD_PROGRAM,0,,IPEDS unitid=176318: No doctoral CS completions in any CS-family CIP code (2020-2024),,
Rutgers University,Rutgers University-New Brunswick,186380,100.0,CONFIRMED,144,11.0101 (11.0101): 106 PhDs; 11.0401 (11.0401): 38 PhDs,"IPEDS unitid=186380, CIP codes: 11.0101, 11.0401",,
Rutgers University-Camden,Rutgers University-Camden,186371,100.0,NO_PHD_PROGRAM,0,,IPEDS unitid=186371: No doctoral CS completions in any CS-family CIP code (2020-2024),,
Rutgers University-Newark,Rutgers University-Newark,186399,100.0,NO_PHD_PROGRAM,0,,IPEDS unitid=186399: No doctoral CS completions in any CS-family CIP code (2020-2024),,
Ryokan College,NO MATCH FOUND,,0,NEEDS_REVIEW,0,,No confident match found in IPEDS directory,,
Sacred Heart University,Sacred Heart University,130253,100.0,NO_PHD_PROGRAM,0,,IPEDS unitid=130253: No doctoral CS completions in any CS-family CIP code (2020-2024),,
"Sacred Heart University, Puerto Rico",Sacred Heart University,130253,100.0,NO_PHD_PROGRAM,0,,IPEDS unitid=130253: No doctoral CS completions in any CS-family CIP code (2020-2024),,
The Sage Colleges,Sage College,410520,100.0,NO_PHD_PROGRAM,0,,IPEDS unitid=410520: No doctoral CS completions in any CS-family CIP code (2020-2024),,
Saginaw Valley State University,Saginaw Valley State University,172051,100.0,NO_PHD_PROGRAM,0,,IPEDS unitid=172051: No doctoral CS completions in any CS-family CIP code (2020-2024),,
Saint Ambrose University,Saint Ambrose University,154235,100.0,NO_PHD_PROGRAM,0,,IPEDS unitid=154235: No doctoral CS completions in any CS-family CIP code (2020-2024),,
Saint Andrews Presbyterian College,Presbyterian College,218539,100.0,NO_PHD_PROGRAM,0,,IPEDS unitid=218539: No doctoral CS completions in any CS-family CIP code (2020-2024),,
Saint Anselm College,Saint Anselm College,183239,100.0,NO_PHD_PROGRAM,0,,IPEDS unitid=183239: No doctoral CS completions in any CS-family CIP code (2020-2024),,
Saint Anthony College of Nursing,Saint Anthony College of Nursing,149028,100.0,NO_PHD_PROGRAM,0,,IPEDS unitid=149028: No doctoral CS completions in any CS-family CIP code (2020-2024),,
Saint Augustine's College,CES College,444510,90.9,NO_PHD_PROGRAM,0,,IPEDS unitid=444510: No doctoral CS completions in any CS-family CIP code (2020-2024),,
Saint Bonaventure University,St Bonaventure University,195164,98.0,NO_PHD_PROGRAM,0,,IPEDS unitid=195164: No doctoral CS completions in any CS-family CIP code (2020-2024),,
Saint Cloud State University,Saint Cloud State University,174783,100.0,NO_PHD_PROGRAM,0,,IPEDS unitid=174783: No doctoral CS completions in any CS-family CIP code (2020-2024),,
Saint Edwards University,Saint Edward's University,227845,98.0,NO_PHD_PROGRAM,0,,IPEDS unitid=227845: No doctoral CS completions in any CS-family CIP code (2020-2024),,
"Saint Francis College, Brooklyn Heights, New York",St. Francis College,195173,94.4,NO_PHD_PROGRAM,0,,IPEDS unitid=195173: No doctoral CS completions in any CS-family CIP code (2020-2024),,
"Saint Francis College, Fort Wayne, Indiana",St. Francis College,195173,94.4,NO_PHD_PROGRAM,0,,IPEDS unitid=195173: No doctoral CS completions in any CS-family CIP code (2020-2024),,
"Saint Francis College, Loretto, Pennsylvania",St. Francis College,195173,94.4,NO_PHD_PROGRAM,0,,IPEDS unitid=195173: No doctoral CS completions in any CS-family CIP code (2020-2024),,
Saint Gregory's University,St. Gregory's University,207689,97.8,NO_PHD_PROGRAM,0,,IPEDS unitid=207689: No doctoral CS completions in any CS-family CIP code (2020-2024),,
Saint John Fisher College,Fisher College,165802,100.0,NO_PHD_PROGRAM,0,,IPEDS unitid=165802: No doctoral CS completions in any CS-family CIP code (2020-2024),,
Saint John's College,St. John's College,163976,97.0,NO_PHD_PROGRAM,0,,IPEDS unitid=163976: No doctoral CS completions in any CS-family CIP code (2020-2024),,
"Saint John's University, Collegeville Minnesota",Saint Johns University,174792,95.5,NO_PHD_PROGRAM,0,,IPEDS unitid=174792: No doctoral CS completions in any CS-family CIP code (2020-2024),,
"Saint John's University, Jamaica New York",Saint Johns University,174792,95.5,NO_PHD_PROGRAM,0,,IPEDS unitid=174792: No doctoral CS completions in any CS-family CIP code (2020-2024),,
Saint Joseph College,Saint Josephs College,152363,97.6,NO_PHD_PROGRAM,0,,IPEDS unitid=152363: No doctoral CS completions in any CS-family CIP code (2020-2024),,
Saint Joseph's College,Saint Joseph's College of Maine,161518,100.0,NO_PHD_PROGRAM,0,,IPEDS unitid=161518: No doctoral CS completions in any CS-family CIP code (2020-2024),,
Saint Joseph's College of Maine,Saint Joseph's College of Maine,161518,100.0,NO_PHD_PROGRAM,0,,IPEDS unitid=161518: No doctoral CS completions in any CS-family CIP code (2020-2024),,
Saint Joseph's University,Saint Joseph's University - Philadelphia,215770,100.0,NO_PHD_PROGRAM,0,,IPEDS unitid=215770: No doctoral CS completions in any CS-family CIP code (2020-2024),,
Saint Lawrence University,Lawrence University,239017,100.0,NO_PHD_PROGRAM,0,,IPEDS unitid=239017: No doctoral CS completions in any CS-family CIP code (2020-2024),,
Saint Leo University,Saint Leo University,137032,100.0,NO_PHD_PROGRAM,0,,IPEDS unitid=137032: No doctoral CS completions in any CS-family CIP code (2020-2024),,
Saint Louis University,Saint Louis University,179159,100.0,NO_PHD_PROGRAM,0,,IPEDS unitid=179159: No doctoral CS completions in any CS-family CIP code (2020-2024),,
Saint Louis Christian College,Saint Louis Christian College,179256,100.0,NO_PHD_PROGRAM,0,,IPEDS unitid=179256: No doctoral CS completions in any CS-family CIP code (2020-2024),,
Saint Martin's University,Saint Martin's University,236452,100.0,NO_PHD_PROGRAM,0,,IPEDS unitid=236452: No doctoral CS completions in any CS-family CIP code (2020-2024),,
Saint Mary-of-the-Woods College,Saint Mary-of-the-Woods College,152381,100.0,NO_PHD_PROGRAM,0,,IPEDS unitid=152381: No doctoral CS completions in any CS-family CIP code (2020-2024),,
Saint Mary's College of California,Saint Mary's College of California,123554,100.0,NO_PHD_PROGRAM,0,,IPEDS unitid=123554: No doctoral CS completions in any CS-family CIP code (2020-2024),,
Saint Mary's College of Maryland,Saint Mary's College,152390,100.0,NO_PHD_PROGRAM,0,,IPEDS unitid=152390: No doctoral CS completions in any CS-family CIP code (2020-2024),,
Saint Mary's University of Minnesota,Saint Mary's University of Minnesota,174817,100.0,NO_PHD_PROGRAM,0,,IPEDS unitid=174817: No doctoral CS completions in any CS-family CIP code (2020-2024),,
Saint Mary's University of San Antonio,St. Mary's University,228149,95.0,NO_PHD_PROGRAM,0,,IPEDS unitid=228149: No doctoral CS completions in any CS-family CIP code (2020-2024),,
Saint Meinrad's School of Theology,Saint Meinrad School of Theology,152451,97.0,NO_PHD_PROGRAM,0,,IPEDS unitid=152451: No doctoral CS completions in any CS-family CIP code (2020-2024),,
Saint Michael's College,Saint Michael's College,231059,100.0,NO_PHD_PROGRAM,0,,IPEDS unitid=231059: No doctoral CS completions in any CS-family CIP code (2020-2024),,
Saint Norbert College,Saint Norbert College,239716,100.0,NO_PHD_PROGRAM,0,,IPEDS unitid=239716: No doctoral CS completions in any CS-family CIP code (2020-2024),,
Saint Olaf College,St Olaf College,174844,96.6,NO_PHD_PROGRAM,0,,IPEDS unitid=174844: No doctoral CS completions in any CS-family CIP code (2020-2024),,
Saint Paul's College,Saint Pauls College,233499,97.4,NO_PHD_PROGRAM,0,,IPEDS unitid=233499: No doctoral CS completions in any CS-family CIP code (2020-2024),,
Saint Peter's College,ASA College,404994,90.0,NO_PHD_PROGRAM,0,,IPEDS unitid=404994: No doctoral CS completions in any CS-family CIP code (2020-2024),,
Saint Petersburg College,St Petersburg College,137078,97.6,NO_PHD_PROGRAM,0,,IPEDS unitid=137078: No doctoral CS completions in any CS-family CIP code (2020-2024),,
Saint Rose College,The College of Saint Rose,195234,92.3,NO_PHD_PROGRAM,0,,IPEDS unitid=195234: No doctoral CS completions in any CS-family CIP code (2020-2024),,
Saint Thomas Aquinas College,Aquinas College,219578,100.0,NO_PHD_PROGRAM,0,,IPEDS unitid=219578: No doctoral CS completions in any CS-family CIP code (2020-2024),,
Saint Thomas University,Thomas University,141167,100.0,NO_PHD_PROGRAM,0,,IPEDS unitid=141167: No doctoral CS completions in any CS-family CIP code (2020-2024),,
Saint Vincent College,Saint Vincent College,215798,100.0,NO_PHD_PROGRAM,0,,IPEDS unitid=215798: No doctoral CS completions in any CS-family CIP code (2020-2024),,
Saint Xavier University,Saint Xavier University,148627,100.0,NO_PHD_PROGRAM,0,,IPEDS unitid=148627: No doctoral CS completions in any CS-family CIP code (2020-2024),,
Salem College,Salem College,199607,100.0,NO_PHD_PROGRAM,0,,IPEDS unitid=199607: No doctoral CS completions in any CS-family CIP code (2020-2024),,
Salem International University,National University,119605,100.0,NO_PHD_PROGRAM,0,,IPEDS unitid=119605: No doctoral CS completions in any CS-family CIP code (2020-2024),,
Salem State College,Salem State University,167729,100.0,NO_PHD_VIA_RENAME,0,,Renamed match via pattern 'College->University': IPEDS unitid=167729,College->University,
Salisbury State University,Salisbury University,163851,100.0,NO_PHD_VIA_WEB_RESOLVE,0,,Web-resolved: Salisbury State University -> Salisbury University (renamed 2001) -> IPEDS unitid=163851,,Salisbury State University -> Salisbury University (renamed 2001)
The Salk Institute for Biological Studies,NO MATCH FOUND,,0,NEEDS_REVIEW,0,,No confident match found in IPEDS directory,,
Salve Regina University,Salve Regina University,217536,100.0,NO_PHD_PROGRAM,0,,IPEDS unitid=217536: No doctoral CS completions in any CS-family CIP code (2020-2024),,
Sam Houston State University,Sam Houston State University,227881,100.0,CONFIRMED,3,11.1003 (11.1003): 3 PhDs,"IPEDS unitid=227881, CIP codes: 11.1003",,
Samford University,Samford University,102049,100.0,NO_PHD_PROGRAM,0,,IPEDS unitid=102049: No doctoral CS completions in any CS-family CIP code (2020-2024),,
Samuel Merritt College,Merritt College,118772,100.0,NO_PHD_PROGRAM,0,,IPEDS unitid=118772: No doctoral CS completions in any CS-family CIP code (2020-2024),,
San Diego State University,San Diego State University,122409,100.0,CONFIRMED,6,14.0901 (14.0901): 6 PhDs,"IPEDS unitid=122409, CIP codes: 14.0901",,
San Francisco Art Institute,San Francisco Art Institute,122454,100.0,NO_PHD_PROGRAM,0,,IPEDS unitid=122454: No doctoral CS completions in any CS-family CIP code (2020-2024),,
San Francisco Law School,San Francisco School of Massage & Bodywork,498331,90.9,NO_PHD_PROGRAM,0,,IPEDS unitid=498331: No doctoral CS completions in any CS-family CIP code (2020-2024),,
San Francisco State University,San Francisco State University,122597,100.0,NO_PHD_PROGRAM,0,,IPEDS unitid=122597: No doctoral CS completions in any CS-family CIP code (2020-2024),,
San Joaquin College of Law,San Joaquin College of Law,122649,100.0,NO_PHD_PROGRAM,0,,IPEDS unitid=122649: No doctoral CS completions in any CS-family CIP code (2020-2024),,
San Jose Christian College,Lane College,220598,90.9,NO_PHD_PROGRAM,0,,IPEDS unitid=220598: No doctoral CS completions in any CS-family CIP code (2020-2024),,
San Jose State University,San Jose State University,122755,100.0,NO_PHD_PROGRAM,0,,IPEDS unitid=122755: No doctoral CS completions in any CS-family CIP code (2020-2024),,
Santa Clara University,Santa Clara University,122931,100.0,CONFIRMED,24,14.0901 (14.0901): 15 PhDs; 14.0902 (14.0902): 9 PhDs,"IPEDS unitid=122931, CIP codes: 14.0901, 14.0902",,
Sarah Lawrence College,Sarah Lawrence College,195304,100.0,NO_PHD_PROGRAM,0,,IPEDS unitid=195304: No doctoral CS completions in any CS-family CIP code (2020-2024),,
Saratoga University School of Law,NO MATCH FOUND,,0,NEEDS_REVIEW,0,,No confident match found in IPEDS directory,,
Savannah College of Art and Design,Savannah College of Art and Design,140951,100.0,NO_PHD_PROGRAM,0,,IPEDS unitid=140951: No doctoral CS completions in any CS-family CIP code (2020-2024),,
Savannah State University,Savannah State University,140960,100.0,NO_PHD_PROGRAM,0,,IPEDS unitid=140960: No doctoral CS completions in any CS-family CIP code (2020-2024),,
Saybrook Graduate School and Research Center,NO MATCH FOUND,,0,NEEDS_REVIEW,0,,No confident match found in IPEDS directory,,
Schiller International University,Schiller International University,404338,100.0,NO_PHD_PROGRAM,0,,IPEDS unitid=404338: No doctoral CS completions in any CS-family CIP code (2020-2024),,
School for International Training,International Training Careers,439686,84.6,NEEDS_REVIEW,0,,IPEDS unitid=439686: No doctoral CS completions in any CS-family CIP code (2020-2024) [match score 85 < threshold 85],,
School of the Art Institute of Chicago,School of the Art Institute of Chicago,143048,100.0,NO_PHD_PROGRAM,0,,IPEDS unitid=143048: No doctoral CS completions in any CS-family CIP code (2020-2024),,
School of Islamic and Social Sciences,NO MATCH FOUND,,0,NEEDS_REVIEW,0,,No confident match found in IPEDS directory,,
"School of the Museum of Fine Arts, Boston",School of the Museum of Fine Arts at Tufts University,166984,92.1,NO_PHD_PROGRAM,0,,IPEDS unitid=166984: No doctoral CS completions in any CS-family CIP code (2020-2024),,
School of the Visual Arts,School of Visual Arts,197151,91.3,NO_PHD_PROGRAM,0,,IPEDS unitid=197151: No doctoral CS completions in any CS-family CIP code (2020-2024),,
Schreiner College,Schreiner University,228042,100.0,NO_PHD_VIA_RENAME,0,,Renamed match via pattern 'College->University': IPEDS unitid=228042,College->University,
Scripps College,Scripps College,123165,100.0,NO_PHD_PROGRAM,0,,IPEDS unitid=123165: No doctoral CS completions in any CS-family CIP code (2020-2024),,
The Scripps Research Institute,NO MATCH FOUND,,0,NEEDS_REVIEW,0,,No confident match found in IPEDS directory,,
Seattle Pacific University,Seattle Pacific University,236577,100.0,NO_PHD_PROGRAM,0,,IPEDS unitid=236577: No doctoral CS completions in any CS-family CIP code (2020-2024),,
Seattle University,Seattle University,236595,100.0,NO_PHD_PROGRAM,0,,IPEDS unitid=236595: No doctoral CS completions in any CS-family CIP code (2020-2024),,
Seton Hall University,Seton Hall University,186584,100.0,NO_PHD_PROGRAM,0,,IPEDS unitid=186584: No doctoral CS completions in any CS-family CIP code (2020-2024),,
Seton Hill College,Hill College,225371,100.0,NO_PHD_PROGRAM,0,,IPEDS unitid=225371: No doctoral CS completions in any CS-family CIP code (2020-2024),,
Shasta Bible College,Shasta Bible College and Graduate School,123280,100.0,NO_PHD_PROGRAM,0,,IPEDS unitid=123280: No doctoral CS completions in any CS-family CIP code (2020-2024),,
Shawnee State University,Shawnee State University,205443,100.0,NO_PHD_PROGRAM,0,,IPEDS unitid=205443: No doctoral CS completions in any CS-family CIP code (2020-2024),,
Shaw University,Shaw University,199643,100.0,NO_PHD_PROGRAM,0,,IPEDS unitid=199643: No doctoral CS completions in any CS-family CIP code (2020-2024),,
Sheffield School of Interior Design,EDP School,457794,90.0,NO_PHD_PROGRAM,0,,IPEDS unitid=457794: No doctoral CS completions in any CS-family CIP code (2020-2024),,
Sheldon Jackson College,Jackson College,170444,100.0,NO_PHD_PROGRAM,0,,IPEDS unitid=170444: No doctoral CS completions in any CS-family CIP code (2020-2024),,
Shenandoah University,Shenandoah University,233541,100.0,NO_PHD_PROGRAM,0,,IPEDS unitid=233541: No doctoral CS completions in any CS-family CIP code (2020-2024),,
Shepherd College,Shepherds College,481137,97.0,NO_PHD_PROGRAM,0,,IPEDS unitid=481137: No doctoral CS completions in any CS-family CIP code (2020-2024),,
Sherman College of Straight Chiropractic,Sherman College of Chiropractic,218751,87.3,NO_PHD_PROGRAM,0,,IPEDS unitid=218751: No doctoral CS completions in any CS-family CIP code (2020-2024),,
Shimer College,Shimer College,148849,100.0,NO_PHD_PROGRAM,0,,IPEDS unitid=148849: No doctoral CS completions in any CS-family CIP code (2020-2024),,
Shippensburg University of Pennsylvania,Shippensburg University of Pennsylvania,216010,100.0,NO_PHD_PROGRAM,0,,IPEDS unitid=216010: No doctoral CS completions in any CS-family CIP code (2020-2024),,
Shorter College,Shorter College,107840,100.0,NO_PHD_PROGRAM,0,,IPEDS unitid=107840: No doctoral CS completions in any CS-family CIP code (2020-2024),,
Siena College,Siena College,195474,100.0,NO_PHD_PROGRAM,0,,IPEDS unitid=195474: No doctoral CS completions in any CS-family CIP code (2020-2024),,
Siena Heights University,Siena Heights University,172264,100.0,NO_PHD_PROGRAM,0,,IPEDS unitid=172264: No doctoral CS completions in any CS-family CIP code (2020-2024),,
Sierra Nevada College,ATA College,449728,90.9,NO_PHD_PROGRAM,0,,IPEDS unitid=449728: No doctoral CS completions in any CS-family CIP code (2020-2024),,
Silver Lake College,Key College,134422,95.2,NO_PHD_PROGRAM,0,,IPEDS unitid=134422: No doctoral CS completions in any CS-family CIP code (2020-2024),,
Simmons College,Simmons College of Kentucky,461759,100.0,NO_PHD_PROGRAM,0,,IPEDS unitid=461759: No doctoral CS completions in any CS-family CIP code (2020-2024),,
Simon's Rock College,Key College,134422,90.0,NO_PHD_PROGRAM,0,,IPEDS unitid=134422: No doctoral CS completions in any CS-family CIP code (2020-2024),,
"Simpson College, Redding California",Simpson College,154350,100.0,NO_PHD_PROGRAM,0,,IPEDS unitid=154350: No doctoral CS completions in any CS-family CIP code (2020-2024),,
"Simpson College, Indianola Iowa",Simpson College,154350,100.0,NO_PHD_PROGRAM,0,,IPEDS unitid=154350: No doctoral CS completions in any CS-family CIP code (2020-2024),,
Skidmore College,Skidmore College,195526,100.0,NO_PHD_PROGRAM,0,,IPEDS unitid=195526: No doctoral CS completions in any CS-family CIP code (2020-2024),,
Slippery Rock University,Slippery Rock University of Pennsylvania,216038,100.0,NO_PHD_PROGRAM,0,,IPEDS unitid=216038: No doctoral CS completions in any CS-family CIP code (2020-2024),,
Smith Chapel Bible College,Lee College,226204,95.2,NO_PHD_PROGRAM,0,,IPEDS unitid=226204: No doctoral CS completions in any CS-family CIP code (2020-2024),,
Smith College,Smith College,167835,100.0,NO_PHD_PROGRAM,0,,IPEDS unitid=167835: No doctoral CS completions in any CS-family CIP code (2020-2024),,
Soka University of America,Soka University of America,399911,100.0,NO_PHD_PROGRAM,0,,IPEDS unitid=399911: No doctoral CS completions in any CS-family CIP code (2020-2024),,
Sonoma State University,Sonoma State University,123572,100.0,NO_PHD_PROGRAM,0,,IPEDS unitid=123572: No doctoral CS completions in any CS-family CIP code (2020-2024),,
South Carolina State University,South Carolina State University,218733,100.0,NO_PHD_PROGRAM,0,,IPEDS unitid=218733: No doctoral CS completions in any CS-family CIP code (2020-2024),,
South Dakota School of Mines and Technology,South Dakota School of Mines and Technology,219347,100.0,NO_PHD_PROGRAM,0,,IPEDS unitid=219347: No doctoral CS completions in any CS-family CIP code (2020-2024),,
South Dakota State University,South Dakota State University,219356,100.0,NO_PHD_PROGRAM,0,,IPEDS unitid=219356: No doctoral CS completions in any CS-family CIP code (2020-2024),,
South Pacific University,Pacific University,209612,100.0,NO_PHD_PROGRAM,0,,IPEDS unitid=209612: No doctoral CS completions in any CS-family CIP code (2020-2024),,
South Texas College of Law,South Texas College of Law Houston,228194,100.0,NO_PHD_PROGRAM,0,,IPEDS unitid=228194: No doctoral CS completions in any CS-family CIP code (2020-2024),,
Southampton College,NO MATCH FOUND,,0,NEEDS_REVIEW,0,,No confident match found in IPEDS directory,,
Southeast College of Technology,ACT College,419022,90.9,NO_PHD_PROGRAM,0,,IPEDS unitid=419022: No doctoral CS completions in any CS-family CIP code (2020-2024),,
Southeast Missouri State University,Southeast Missouri State University,179557,100.0,NO_PHD_PROGRAM,0,,IPEDS unitid=179557: No doctoral CS completions in any CS-family CIP code (2020-2024),,
Southeastern Bible College,Southeastern Bible College,102261,100.0,NO_PHD_PROGRAM,0,,IPEDS unitid=102261: No doctoral CS completions in any CS-family CIP code (2020-2024),,
Southeastern College,Southeastern College-Charleston,443261,100.0,NO_PHD_PROGRAM,0,,IPEDS unitid=443261: No doctoral CS completions in any CS-family CIP code (2020-2024),,
Southeastern Louisiana University,Southeastern Louisiana University,160612,100.0,NO_PHD_PROGRAM,0,,IPEDS unitid=160612: No doctoral CS completions in any CS-family CIP code (2020-2024),,
Southeastern Oklahoma State University,Southeastern Oklahoma State University,207847,100.0,NO_PHD_PROGRAM,0,,IPEDS unitid=207847: No doctoral CS completions in any CS-family CIP code (2020-2024),,
Southeastern University,Southeastern University,137564,100.0,NO_PHD_PROGRAM,0,,IPEDS unitid=137564: No doctoral CS completions in any CS-family CIP code (2020-2024),,
Southern Adventist University,Southern Adventist University,221661,100.0,NO_PHD_PROGRAM,0,,IPEDS unitid=221661: No doctoral CS completions in any CS-family CIP code (2020-2024),,
Southern Arkansas University,Southern Arkansas University Tech,107992,100.0,NO_PHD_PROGRAM,0,,IPEDS unitid=107992: No doctoral CS completions in any CS-family CIP code (2020-2024),,
Southern California University of Health Sciences,Southern California University of Health Sciences,117672,100.0,NO_PHD_PROGRAM,0,,IPEDS unitid=117672: No doctoral CS completions in any CS-family CIP code (2020-2024),,
Southern California University of Professional Studies,Southern California University SOMA,459222,95.5,NO_PHD_PROGRAM,0,,IPEDS unitid=459222: No doctoral CS completions in any CS-family CIP code (2020-2024),,
Southern Connecticut State University,Southern Connecticut State University,130493,100.0,NO_PHD_PROGRAM,0,,IPEDS unitid=130493: No doctoral CS completions in any CS-family CIP code (2020-2024),,
Southern Illinois University at Carbondale,Southern Illinois University-Carbondale,149222,93.8,CONFIRMED,16,11.0701 (11.0701): 16 PhDs,"IPEDS unitid=149222, CIP codes: 11.0701",,
Southern Illinois University at Edwardsville,Southern Illinois University Edwardsville,149231,96.5,NO_PHD_PROGRAM,0,,IPEDS unitid=149231: No doctoral CS completions in any CS-family CIP code (2020-2024),,
Southern Illinois University Medical School at Springsfield,NO MATCH FOUND,,0,NEEDS_REVIEW,0,,No confident match found in IPEDS directory,,
Southern Methodist University,Southern Methodist University,228246,100.0,CONFIRMED,23,11.0701 (11.0701): 16 PhDs; 14.0901 (14.0901): 5 PhDs; 14.0903 (14.0903): 2 PhDs,"IPEDS unitid=228246, CIP codes: 11.0701, 14.0901, 14.0903",,
Southern Nazarene University,Southern Nazarene University,206862,100.0,NO_PHD_PROGRAM,0,,IPEDS unitid=206862: No doctoral CS completions in any CS-family CIP code (2020-2024),,
Southern New Hampshire University,Southern New Hampshire University,183026,100.0,NO_PHD_PROGRAM,0,,IPEDS unitid=183026: No doctoral CS completions in any CS-family CIP code (2020-2024),,
Southern Oregon State College,Southern Oregon University,210146,89.7,NO_PHD_VIA_RENAME,0,,Renamed match via pattern 'College->University': IPEDS unitid=210146,College->University,
Southern Oregon University,Southern Oregon University,210146,100.0,NO_PHD_PROGRAM,0,,IPEDS unitid=210146: No doctoral CS completions in any CS-family CIP code (2020-2024),,
Southern Polytechnic State Univerisity,Southern Polytechnic State University,141097,98.7,NO_PHD_PROGRAM,0,,IPEDS unitid=141097: No doctoral CS completions in any CS-family CIP code (2020-2024),,
Southern Vermont College,Southern Vermont College,231086,100.0,NO_PHD_PROGRAM,0,,IPEDS unitid=231086: No doctoral CS completions in any CS-family CIP code (2020-2024),,
Southern Virginia University,Southern Virginia University,233611,100.0,NO_PHD_PROGRAM,0,,IPEDS unitid=233611: No doctoral CS completions in any CS-family CIP code (2020-2024),,
Southern Wesleyan University,Southern Wesleyan University,217776,100.0,NO_PHD_PROGRAM,0,,IPEDS unitid=217776: No doctoral CS completions in any CS-family CIP code (2020-2024),,
"Southern University, Baton Rouge",NO MATCH FOUND,,0,NEEDS_REVIEW,0,,No confident match found in IPEDS directory,,
"Southern University, New Orleans",Southern University at New Orleans,160630,95.4,NO_PHD_PROGRAM,0,,IPEDS unitid=160630: No doctoral CS completions in any CS-family CIP code (2020-2024),,
"Southern University, Shreveport-Bossier City",Southern University at Shreveport,160649,95.2,NO_PHD_PROGRAM,0,,IPEDS unitid=160649: No doctoral CS completions in any CS-family CIP code (2020-2024),,
Southern Utah University,Southern Utah University,230603,100.0,NO_PHD_PROGRAM,0,,IPEDS unitid=230603: No doctoral CS completions in any CS-family CIP code (2020-2024),,
Southwest Baptist University,Southwest Baptist University,179326,100.0,NO_PHD_PROGRAM,0,,IPEDS unitid=179326: No doctoral CS completions in any CS-family CIP code (2020-2024),,
Southwest Bible College and Seminary,Lee College,226204,90.9,NO_PHD_PROGRAM,0,,IPEDS unitid=226204: No doctoral CS completions in any CS-family CIP code (2020-2024),,
Southwest Florida College,Florida College,133809,100.0,NO_PHD_PROGRAM,0,,IPEDS unitid=133809: No doctoral CS completions in any CS-family CIP code (2020-2024),,
Southwest Minnesota State University,Southwest Minnesota State University,175078,100.0,NO_PHD_PROGRAM,0,,IPEDS unitid=175078: No doctoral CS completions in any CS-family CIP code (2020-2024),,
Southwest University,Southwest University at El Paso,451556,100.0,NO_PHD_PROGRAM,0,,IPEDS unitid=451556: No doctoral CS completions in any CS-family CIP code (2020-2024),,
Southwestern Adventist University,Southwestern Adventist University,228468,100.0,NO_PHD_PROGRAM,0,,IPEDS unitid=228468: No doctoral CS completions in any CS-family CIP code (2020-2024),,
Southwestern Assemblies of God University,NO MATCH FOUND,,0,NEEDS_REVIEW,0,,No confident match found in IPEDS directory,,
"Southwestern College, Kansas",Southwestern College,155900,100.0,NO_PHD_PROGRAM,0,,IPEDS unitid=155900: No doctoral CS completions in any CS-family CIP code (2020-2024),,
"Southwestern College, New Mexico",Southwestern College,155900,100.0,NO_PHD_PROGRAM,0,,IPEDS unitid=155900: No doctoral CS completions in any CS-family CIP code (2020-2024),,
Southwestern Oklahoma State University,Southwestern Oklahoma State University,207865,100.0,NO_PHD_PROGRAM,0,,IPEDS unitid=207865: No doctoral CS completions in any CS-family CIP code (2020-2024),,
Southwestern University,Southwestern University,228343,100.0,NO_PHD_PROGRAM,0,,IPEDS unitid=228343: No doctoral CS completions in any CS-family CIP code (2020-2024),,
Southwestern University School of Law,Southwestern University,228343,100.0,NO_PHD_PROGRAM,0,,IPEDS unitid=228343: No doctoral CS completions in any CS-family CIP code (2020-2024),,
Spalding University,Spalding University,157757,100.0,NO_PHD_PROGRAM,0,,IPEDS unitid=157757: No doctoral CS completions in any CS-family CIP code (2020-2024),,
Spartanburg Methodist College,Spartanburg Methodist College,218821,100.0,NO_PHD_PROGRAM,0,,IPEDS unitid=218821: No doctoral CS completions in any CS-family CIP code (2020-2024),,
Spelman College,Spelman College,141060,100.0,NO_PHD_PROGRAM,0,,IPEDS unitid=141060: No doctoral CS completions in any CS-family CIP code (2020-2024),,
Spertus College,Spertus College,148982,100.0,NO_PHD_PROGRAM,0,,IPEDS unitid=148982: No doctoral CS completions in any CS-family CIP code (2020-2024),,
Spring Arbor College,Spring Arbor University,172334,100.0,NO_PHD_VIA_RENAME,0,,Renamed match via pattern 'College->University': IPEDS unitid=172334,College->University,
Spring Hill College,Spring Hill College,102234,100.0,NO_PHD_PROGRAM,0,,IPEDS unitid=102234: No doctoral CS completions in any CS-family CIP code (2020-2024),,
Springfield College,Springfield College,167899,100.0,NO_PHD_PROGRAM,0,,IPEDS unitid=167899: No doctoral CS completions in any CS-family CIP code (2020-2024),,
Stamford International College,NO MATCH FOUND,,0,NEEDS_REVIEW,0,,No confident match found in IPEDS directory,,
Stanford University,Stanford University,243744,100.0,CONFIRMED,219,11.0701 (11.0701): 219 PhDs,"IPEDS unitid=243744, CIP codes: 11.0701",,
State University of New York at Albany,State University of New York at Plattsburgh,196246,93.2,NO_PHD_PROGRAM,0,,IPEDS unitid=196246: No doctoral CS completions in any CS-family CIP code (2020-2024),,
State University of New York at Binghamton,State University of New York at Oswego,196194,91.4,NO_PHD_PROGRAM,0,,IPEDS unitid=196194: No doctoral CS completions in any CS-family CIP code (2020-2024),,
State University of New York at Buffalo,State University of New York at Oswego,196194,91.4,NO_PHD_PROGRAM,0,,IPEDS unitid=196194: No doctoral CS completions in any CS-family CIP code (2020-2024),,
State University of New York at Oswego,State University of New York at Oswego,196194,100.0,NO_PHD_PROGRAM,0,,IPEDS unitid=196194: No doctoral CS completions in any CS-family CIP code (2020-2024),,
State University of New York at Stony Brook,Stony Brook University,196097,100.0,CONFIRMED,152,11.0101 (11.0101): 1 PhDs; 11.0701 (11.0701): 141 PhDs; 14.0901 (14.0901): 10 PhDs,"IPEDS unitid=196097, CIP codes: 11.0101, 11.0701, 14.0901",,
"State University of New York College of Agriculture and Technology, Cobleskill",NO MATCH FOUND,,0,NEEDS_REVIEW,0,,No confident match found in IPEDS directory,,
"State University of New York College of Agriculture and Technology, Morrisville",NO MATCH FOUND,,0,NEEDS_REVIEW,0,,No confident match found in IPEDS directory,,
State University of New York College at Brockport,IE New York College,494551,89.5,NO_PHD_PROGRAM,0,,IPEDS unitid=494551: No doctoral CS completions in any CS-family CIP code (2020-2024),,
State University of New York College at Buffalo (Buffalo State College),NO MATCH FOUND,,0,NEEDS_REVIEW,0,,No confident match found in IPEDS directory,,
State University of New York College at Cortland,State University of New York at Cortland,196149,90.9,NO_PHD_PROGRAM,0,,IPEDS unitid=196149: No doctoral CS completions in any CS-family CIP code (2020-2024),,
State University of New York College of Environmental Science and Forestry,SUNY College of Environmental Science and Forestry,196103,95.8,NO_PHD_PROGRAM,0,,IPEDS unitid=196103: No doctoral CS completions in any CS-family CIP code (2020-2024),,
State University of New York College at Farmingdale,IE New York College,494551,89.5,NO_PHD_PROGRAM,0,,IPEDS unitid=494551: No doctoral CS completions in any CS-family CIP code (2020-2024),,
State University of New York College at Fredonia,IE New York College,494551,89.5,NO_PHD_PROGRAM,0,,IPEDS unitid=494551: No doctoral CS completions in any CS-family CIP code (2020-2024),,
State University of New York College at Geneseo,NO MATCH FOUND,,0,NEEDS_REVIEW,0,,No confident match found in IPEDS directory,,
State University of New York College Maritime College at Fort Schuyler,LIM College,192271,90.9,NO_PHD_PROGRAM,0,,IPEDS unitid=192271: No doctoral CS completions in any CS-family CIP code (2020-2024),,
State University of New York College at New Paltz,State University of New York at New Paltz,196176,91.1,NO_PHD_PROGRAM,0,,IPEDS unitid=196176: No doctoral CS completions in any CS-family CIP code (2020-2024),,
State University of New York College at Old Westbury,IE New York College,494551,89.5,NO_PHD_PROGRAM,0,,IPEDS unitid=494551: No doctoral CS completions in any CS-family CIP code (2020-2024),,
State University of New York College at Oneonta,IE New York College,494551,89.5,NO_PHD_PROGRAM,0,,IPEDS unitid=494551: No doctoral CS completions in any CS-family CIP code (2020-2024),,
State University of New York College at Oswego,State University of New York at Oswego,196194,90.5,NO_PHD_PROGRAM,0,,IPEDS unitid=196194: No doctoral CS completions in any CS-family CIP code (2020-2024),,
State University of New York College at Plattsburgh,State University of New York at Plattsburgh,196246,91.5,NO_PHD_PROGRAM,0,,IPEDS unitid=196246: No doctoral CS completions in any CS-family CIP code (2020-2024),,
State University of New York College at Potsdam,NO MATCH FOUND,,0,NEEDS_REVIEW,0,,No confident match found in IPEDS directory,,
State University of New York College at Purchase,IE New York College,494551,89.5,NO_PHD_PROGRAM,0,,IPEDS unitid=494551: No doctoral CS completions in any CS-family CIP code (2020-2024),,
State University of New York Institute of Technology at Canton,New York Institute of Technology,194091,100.0,NO_PHD_PROGRAM,0,,IPEDS unitid=194091: No doctoral CS completions in any CS-family CIP code (2020-2024),,
State University of New York Institute of Technology at Delhi,New York Institute of Technology,194091,100.0,NO_PHD_PROGRAM,0,,IPEDS unitid=194091: No doctoral CS completions in any CS-family CIP code (2020-2024),,
State University of New York Institute of Technology at Utica/Rome,New York Institute of Technology,194091,100.0,NO_PHD_PROGRAM,0,,IPEDS unitid=194091: No doctoral CS completions in any CS-family CIP code (2020-2024),,
The Stefan University,NO MATCH FOUND,,0,NEEDS_REVIEW,0,,No confident match found in IPEDS directory,,
Stephen F. Austin State University,Stephen F Austin State University,228431,100.0,NO_PHD_PROGRAM,0,,IPEDS unitid=228431: No doctoral CS completions in any CS-family CIP code (2020-2024),,
Stephens College,Stephens College,179548,100.0,NO_PHD_PROGRAM,0,,IPEDS unitid=179548: No doctoral CS completions in any CS-family CIP code (2020-2024),,
"Sterling College, Sterling Kansas",Sterling College,155937,100.0,NO_PHD_PROGRAM,0,,IPEDS unitid=155937: No doctoral CS completions in any CS-family CIP code (2020-2024),,
"Sterling College, Kansas",Sterling College,155937,100.0,NO_PHD_PROGRAM,0,,IPEDS unitid=155937: No doctoral CS completions in any CS-family CIP code (2020-2024),,
"Sterling College, Vermont",Sterling College,155937,100.0,NO_PHD_PROGRAM,0,,IPEDS unitid=155937: No doctoral CS completions in any CS-family CIP code (2020-2024),,
Stetson University,Stetson University,137546,100.0,NO_PHD_PROGRAM,0,,IPEDS unitid=137546: No doctoral CS completions in any CS-family CIP code (2020-2024),,
Stevens-Henager College,Stevens-Henager College,230630,100.0,NO_PHD_PROGRAM,0,,IPEDS unitid=230630: No doctoral CS completions in any CS-family CIP code (2020-2024),,
Stevens Institute of Technology,Stevens Institute of Technology,186867,100.0,CONFIRMED,45,11.0701 (11.0701): 30 PhDs; 14.0901 (14.0901): 15 PhDs,"IPEDS unitid=186867, CIP codes: 11.0701, 14.0901",,
Stevenson University,Stevenson University,164173,100.0,NO_PHD_PROGRAM,0,,IPEDS unitid=164173: No doctoral CS completions in any CS-family CIP code (2020-2024),,
Stillman College,Stillman College,102270,100.0,NO_PHD_PROGRAM,0,,IPEDS unitid=102270: No doctoral CS completions in any CS-family CIP code (2020-2024),,
Stonehill College,Stonehill College,167996,100.0,NO_PHD_PROGRAM,0,,IPEDS unitid=167996: No doctoral CS completions in any CS-family CIP code (2020-2024),,
Stratford University,Stratford University,438498,100.0,NO_PHD_PROGRAM,0,,IPEDS unitid=438498: No doctoral CS completions in any CS-family CIP code (2020-2024),,
Strayer University,Strayer University-Pennsylvania,443784,100.0,NO_PHD_PROGRAM,0,,IPEDS unitid=443784: No doctoral CS completions in any CS-family CIP code (2020-2024),,
Suffolk University,Suffolk University,168005,100.0,NO_PHD_PROGRAM,0,,IPEDS unitid=168005: No doctoral CS completions in any CS-family CIP code (2020-2024),,
Sul Ross State University,Sul Ross State University,228501,100.0,NO_PHD_PROGRAM,0,,IPEDS unitid=228501: No doctoral CS completions in any CS-family CIP code (2020-2024),,
Summit University of Louisiana,NO MATCH FOUND,,0,NEEDS_REVIEW,0,,No confident match found in IPEDS directory,,
Susquehanna University,Susquehanna University,216278,100.0,NO_PHD_PROGRAM,0,,IPEDS unitid=216278: No doctoral CS completions in any CS-family CIP code (2020-2024),,
Swarthmore College,Swarthmore College,216287,100.0,NO_PHD_PROGRAM,0,,IPEDS unitid=216287: No doctoral CS completions in any CS-family CIP code (2020-2024),,
Sweet Briar College,Sweet Briar College,233718,100.0,NO_PHD_PROGRAM,0,,IPEDS unitid=233718: No doctoral CS completions in any CS-family CIP code (2020-2024),,
Syracuse University,Syracuse University,196413,100.0,CONFIRMED,48,11.0101 (11.0101): 22 PhDs; 11.0401 (11.0401): 26 PhDs,"IPEDS unitid=196413, CIP codes: 11.0101, 11.0401",,
Tabor College,Tabor College,155973,100.0,NO_PHD_PROGRAM,0,,IPEDS unitid=155973: No doctoral CS completions in any CS-family CIP code (2020-2024),,
Talladega College,Talladega College,102298,100.0,NO_PHD_PROGRAM,0,,IPEDS unitid=102298: No doctoral CS completions in any CS-family CIP code (2020-2024),,
Tarleton State University,Tarleton State University,228529,100.0,NO_PHD_PROGRAM,0,,IPEDS unitid=228529: No doctoral CS completions in any CS-family CIP code (2020-2024),,
Taylor University,Taylor University,152530,100.0,NO_PHD_PROGRAM,0,,IPEDS unitid=152530: No doctoral CS completions in any CS-family CIP code (2020-2024),,
Teachers College,Teachers College at Columbia University,196468,100.0,NO_PHD_PROGRAM,0,,IPEDS unitid=196468: No doctoral CS completions in any CS-family CIP code (2020-2024),,
Teikyo Marycrest University,NO MATCH FOUND,,0,NEEDS_REVIEW,0,,No confident match found in IPEDS directory,,
Teikyo Post University,Post University,130183,100.0,NO_PHD_PROGRAM,0,,IPEDS unitid=130183: No doctoral CS completions in any CS-family CIP code (2020-2024),,
Temple University,Temple University,216339,100.0,CONFIRMED,60,11.0101 (11.0101): 60 PhDs,"IPEDS unitid=216339, CIP codes: 11.0101",,
Tennessee State University,Tennessee State University,221838,100.0,CONFIRMED,18,14.0901 (14.0901): 18 PhDs,"IPEDS unitid=221838, CIP codes: 14.0901",,
Tennessee Technological University,Tennessee Technological University,221847,100.0,NO_PHD_PROGRAM,0,,IPEDS unitid=221847: No doctoral CS completions in any CS-family CIP code (2020-2024),,
Tennessee Temple University,Tennessee Temple University,221856,100.0,NO_PHD_PROGRAM,0,,IPEDS unitid=221856: No doctoral CS completions in any CS-family CIP code (2020-2024),,
Tennessee Wesleyan College,Wesleyan College,141325,100.0,NO_PHD_PROGRAM,0,,IPEDS unitid=141325: No doctoral CS completions in any CS-family CIP code (2020-2024),,
Texas A&M International University,National University,119605,100.0,NO_PHD_PROGRAM,0,,IPEDS unitid=119605: No doctoral CS completions in any CS-family CIP code (2020-2024),,
Texas A&M University,East Texas A&M University,224554,100.0,NO_PHD_PROGRAM,0,,IPEDS unitid=224554: No doctoral CS completions in any CS-family CIP code (2020-2024),,
"Texas A&M University, Commerce",East Texas A&M University,224554,100.0,NO_PHD_VIA_WEB_RESOLVE,0,,"Web-resolved: Texas A&M University, Commerce -> East Texas A&M University (renamed Nov 2024) -> IPEDS unitid=224554",,"Texas A&M University, Commerce -> East Texas A&M University (renamed Nov 2024)"
"Texas A&M University, Corpus Christi",Texas A & M University-Corpus Christi,224147,94.4,CONFIRMED,8,11.0101 (11.0101): 8 PhDs,"IPEDS unitid=224147, CIP codes: 11.0101",,
"Texas A&M University, Galveston",Texas A & M University-Galveston,228714,93.5,NO_PHD_PROGRAM,0,,IPEDS unitid=228714: No doctoral CS completions in any CS-family CIP code (2020-2024),,
"Texas A&M University, Kingsville",Texas A&M University-Kingsville,228705,96.8,NO_PHD_PROGRAM,0,,IPEDS unitid=228705: No doctoral CS completions in any CS-family CIP code (2020-2024),,
"Texas A&M University, Texarkana",Texas A&M University-Texarkana,224545,96.7,NO_PHD_PROGRAM,0,,IPEDS unitid=224545: No doctoral CS completions in any CS-family CIP code (2020-2024),,
Texas Chiropractic College,Texas Chiropractic College Foundation Inc,228866,100.0,NO_PHD_PROGRAM,0,,IPEDS unitid=228866: No doctoral CS completions in any CS-family CIP code (2020-2024),,
Texas Christian University,Texas Christian University,228875,100.0,NO_PHD_PROGRAM,0,,IPEDS unitid=228875: No doctoral CS completions in any CS-family CIP code (2020-2024),,
Texas Lutheran University,Texas Lutheran University,228981,100.0,NO_PHD_PROGRAM,0,,IPEDS unitid=228981: No doctoral CS completions in any CS-family CIP code (2020-2024),,
Texas Southern University,Texas Southern University,229063,100.0,NO_PHD_PROGRAM,0,,IPEDS unitid=229063: No doctoral CS completions in any CS-family CIP code (2020-2024),,
Texas State University,Texas State University,228459,100.0,CONFIRMED,16,11.0701 (11.0701): 16 PhDs,"IPEDS unitid=228459, CIP codes: 11.0701",,
Texas Tech University,Texas Tech University,229115,100.0,CONFIRMED,41,11.0101 (11.0101): 41 PhDs,"IPEDS unitid=229115, CIP codes: 11.0101",,
Texas Wesleyan University,Texas Wesleyan University,229160,100.0,NO_PHD_PROGRAM,0,,IPEDS unitid=229160: No doctoral CS completions in any CS-family CIP code (2020-2024),,
Texas Woman's University,Texas Woman's University,229179,100.0,NO_PHD_PROGRAM,0,,IPEDS unitid=229179: No doctoral CS completions in any CS-family CIP code (2020-2024),,
Thiel College,Thiel College,216357,100.0,NO_PHD_PROGRAM,0,,IPEDS unitid=216357: No doctoral CS completions in any CS-family CIP code (2020-2024),,
"Thomas Aquinas College, Santa Paula CA",Aquinas College,219578,100.0,NO_PHD_PROGRAM,0,,IPEDS unitid=219578: No doctoral CS completions in any CS-family CIP code (2020-2024),,
Thomas Edison State College,Thomas Edison State University,187046,100.0,NO_PHD_VIA_RENAME,0,,Renamed match via pattern 'College->University': IPEDS unitid=187046,College->University,
Thomas College,Thomas College,161563,100.0,NO_PHD_PROGRAM,0,,IPEDS unitid=161563: No doctoral CS completions in any CS-family CIP code (2020-2024),,
Thomas Cooley Law School,Thomas M Cooley Law School,172477,96.0,NO_PHD_PROGRAM,0,,IPEDS unitid=172477: No doctoral CS completions in any CS-family CIP code (2020-2024),,
Thomas More College,Thomas More College of Liberal Arts,183275,100.0,NO_PHD_PROGRAM,0,,IPEDS unitid=183275: No doctoral CS completions in any CS-family CIP code (2020-2024),,
Thomas Jefferson University,Thomas Jefferson University,216366,100.0,NO_PHD_PROGRAM,0,,IPEDS unitid=216366: No doctoral CS completions in any CS-family CIP code (2020-2024),,
Thunderbird School of Global Management,Thunderbird School of Global Management,103778,100.0,NO_PHD_PROGRAM,0,,IPEDS unitid=103778: No doctoral CS completions in any CS-family CIP code (2020-2024),,
Toccoa Falls College,Toccoa Falls College,141185,100.0,NO_PHD_PROGRAM,0,,IPEDS unitid=141185: No doctoral CS completions in any CS-family CIP code (2020-2024),,
Tougaloo College,Tougaloo College,176406,100.0,NO_PHD_PROGRAM,0,,IPEDS unitid=176406: No doctoral CS completions in any CS-family CIP code (2020-2024),,
Touro College,Touro University,196592,100.0,NO_PHD_VIA_RENAME,0,,Renamed match via pattern 'College->University': IPEDS unitid=196592,College->University,
Towson University,Towson University,164076,100.0,CONFIRMED,55,11.0103 (11.0103): 55 PhDs,"IPEDS unitid=164076, CIP codes: 11.0103",,
The Transworld University,NO MATCH FOUND,,0,NEEDS_REVIEW,0,,No confident match found in IPEDS directory,,
Transylvania University,Transylvania University,157818,100.0,NO_PHD_PROGRAM,0,,IPEDS unitid=157818: No doctoral CS completions in any CS-family CIP code (2020-2024),,
Trevecca Nazarene University,Trevecca Nazarene University,221892,100.0,NO_PHD_PROGRAM,0,,IPEDS unitid=221892: No doctoral CS completions in any CS-family CIP code (2020-2024),,
Trinity Baptist College,Trinity Baptist College,137953,100.0,NO_PHD_PROGRAM,0,,IPEDS unitid=137953: No doctoral CS completions in any CS-family CIP code (2020-2024),,
Trinity Christian College,Trinity Christian College,149505,100.0,NO_PHD_PROGRAM,0,,IPEDS unitid=149505: No doctoral CS completions in any CS-family CIP code (2020-2024),,
"Trinity College, Hartford Connecticut",Trinity College,130590,100.0,NO_PHD_PROGRAM,0,,IPEDS unitid=130590: No doctoral CS completions in any CS-family CIP code (2020-2024),,
Trinity College of Florida,Trinity College of Florida,137962,100.0,NO_PHD_PROGRAM,0,,IPEDS unitid=137962: No doctoral CS completions in any CS-family CIP code (2020-2024),,
"Trinity College, Washington DC",Trinity College,130590,100.0,NO_PHD_PROGRAM,0,,IPEDS unitid=130590: No doctoral CS completions in any CS-family CIP code (2020-2024),,
Trinity International University,National University,119605,100.0,NO_PHD_PROGRAM,0,,IPEDS unitid=119605: No doctoral CS completions in any CS-family CIP code (2020-2024),,
Trinity University,Trinity University,229267,100.0,NO_PHD_PROGRAM,0,,IPEDS unitid=229267: No doctoral CS completions in any CS-family CIP code (2020-2024),,
Tri-State University,NO MATCH FOUND,,0,NEEDS_REVIEW,0,,No confident match found in IPEDS directory,,
Troy State University,Valley City State University,200572,95.0,NO_PHD_PROGRAM,0,,IPEDS unitid=200572: No doctoral CS completions in any CS-family CIP code (2020-2024),,
Troy State University - Dothan,Troy University,102368,100.0,NO_PHD_VIA_WEB_RESOLVE,0,,Web-resolved: Troy State University - Dothan -> Troy University (merged 2005) -> IPEDS unitid=102368,,Troy State University - Dothan -> Troy University (merged 2005)
Truman State University,Truman State University,178615,100.0,NO_PHD_PROGRAM,0,,IPEDS unitid=178615: No doctoral CS completions in any CS-family CIP code (2020-2024),,
Tufts University,Tufts University,168148,100.0,CONFIRMED,35,11.0701 (11.0701): 35 PhDs,"IPEDS unitid=168148, CIP codes: 11.0701",,
Tulane University,Tulane University of Louisiana,160755,100.0,CONFIRMED,10,11.0701 (11.0701): 10 PhDs,"IPEDS unitid=160755, CIP codes: 11.0701",,
Tusculum College,LIM College,192271,90.9,NO_PHD_PROGRAM,0,,IPEDS unitid=192271: No doctoral CS completions in any CS-family CIP code (2020-2024),,
Tuskegee University,Tuskegee University,102377,100.0,NO_PHD_PROGRAM,0,,IPEDS unitid=102377: No doctoral CS completions in any CS-family CIP code (2020-2024),,
Uniformed Services Universty of the Health Sciences,NO MATCH FOUND,,0,NEEDS_REVIEW,0,,No confident match found in IPEDS directory,,
"Union College, Barbourville KY",Union College,196866,100.0,NO_PHD_PROGRAM,0,,IPEDS unitid=196866: No doctoral CS completions in any CS-family CIP code (2020-2024),,
Union College,Union College,196866,100.0,NO_PHD_PROGRAM,0,,IPEDS unitid=196866: No doctoral CS completions in any CS-family CIP code (2020-2024),,
Union Theological Seminary,Union Theological Seminary in the City of New York,196884,100.0,NO_PHD_PROGRAM,0,,IPEDS unitid=196884: No doctoral CS completions in any CS-family CIP code (2020-2024),,
Union University,Union University,221971,100.0,NO_PHD_PROGRAM,0,,IPEDS unitid=221971: No doctoral CS completions in any CS-family CIP code (2020-2024),,
The Union Institute,Union Institute & University,206279,100.0,NO_PHD_PROGRAM,0,,IPEDS unitid=206279: No doctoral CS completions in any CS-family CIP code (2020-2024),,
United States Air Force Academy,United States Air Force Academy,128328,100.0,NO_PHD_PROGRAM,0,,IPEDS unitid=128328: No doctoral CS completions in any CS-family CIP code (2020-2024),,
United States Coast Guard Academy,United States Coast Guard Academy,130624,100.0,NO_PHD_PROGRAM,0,,IPEDS unitid=130624: No doctoral CS completions in any CS-family CIP code (2020-2024),,
United States Merchant Marine Academy,United States Merchant Marine Academy,197027,100.0,NO_PHD_PROGRAM,0,,IPEDS unitid=197027: No doctoral CS completions in any CS-family CIP code (2020-2024),,
United States Military Academy,United States Military Academy,197036,100.0,NO_PHD_PROGRAM,0,,IPEDS unitid=197036: No doctoral CS completions in any CS-family CIP code (2020-2024),,
United States Naval Academy,United States Naval Academy,164155,100.0,NO_PHD_PROGRAM,0,,IPEDS unitid=164155: No doctoral CS completions in any CS-family CIP code (2020-2024),,
United States Open University,NO MATCH FOUND,,0,NEEDS_REVIEW,0,,No confident match found in IPEDS directory,,
United States Sports Academy,United States Sports University,102395,85.7,NO_PHD_PROGRAM,0,,IPEDS unitid=102395: No doctoral CS completions in any CS-family CIP code (2020-2024),,
United Theological Seminar,United Theological Seminary,206288,100.0,NO_PHD_PROGRAM,0,,IPEDS unitid=206288: No doctoral CS completions in any CS-family CIP code (2020-2024),,
Unity College,North Orange County Community College District,120023,100.0,NO_PHD_PROGRAM,0,,IPEDS unitid=120023: No doctoral CS completions in any CS-family CIP code (2020-2024),,
University of Advancing Technology,University of Advancing Technology,363934,100.0,NO_PHD_PROGRAM,0,,IPEDS unitid=363934: No doctoral CS completions in any CS-family CIP code (2020-2024),,
University of Akron,University of Akron Wayne College,200846,100.0,NO_PHD_PROGRAM,0,,IPEDS unitid=200846: No doctoral CS completions in any CS-family CIP code (2020-2024),,
University of Alabama,The University of Alabama,100751,100.0,CONFIRMED,21,11.0101 (11.0101): 21 PhDs,"IPEDS unitid=100751, CIP codes: 11.0101",,
"University of Alabama, Birmingham",The University of Alabama,100751,100.0,CONFIRMED,21,11.0101 (11.0101): 21 PhDs,"IPEDS unitid=100751, CIP codes: 11.0101",,
"University of Alabama, Huntsville",The University of Alabama,100751,100.0,CONFIRMED,21,11.0101 (11.0101): 21 PhDs,"IPEDS unitid=100751, CIP codes: 11.0101",,
"University of Alaska, Anchorage",University of Alaska Anchorage,102553,100.0,NO_PHD_PROGRAM,0,,IPEDS unitid=102553: No doctoral CS completions in any CS-family CIP code (2020-2024),,
"University of Alaska, Fairbanks",University of Alaska Fairbanks,102614,100.0,NO_PHD_PROGRAM,0,,IPEDS unitid=102614: No doctoral CS completions in any CS-family CIP code (2020-2024),,
"University of Alaska, Southeast",University of Alaska Southeast,102632,100.0,NO_PHD_PROGRAM,0,,IPEDS unitid=102632: No doctoral CS completions in any CS-family CIP code (2020-2024),,
University of Arizona,University of Arizona,104179,100.0,CONFIRMED,43,11.0401 (11.0401): 10 PhDs; 11.0701 (11.0701): 33 PhDs,"IPEDS unitid=104179, CIP codes: 11.0401, 11.0701",,
"University of Arkansas, Fayetteville",University of Arkansas,106397,100.0,NO_PHD_PROGRAM,0,,IPEDS unitid=106397: No doctoral CS completions in any CS-family CIP code (2020-2024),,
University of Arkansas at Little Rock,University of Arkansas at Little Rock,106245,100.0,CONFIRMED,57,11.0101 (11.0101): 57 PhDs,"IPEDS unitid=106245, CIP codes: 11.0101",,
University of Arkansas at Monticello,University of Arkansas at Monticello,106485,100.0,NO_PHD_PROGRAM,0,,IPEDS unitid=106485: No doctoral CS completions in any CS-family CIP code (2020-2024),,
University of Arkansas at Pine Bluff,University of Arkansas at Pine Bluff,106412,100.0,NO_PHD_PROGRAM,0,,IPEDS unitid=106412: No doctoral CS completions in any CS-family CIP code (2020-2024),,
University of the Arts,University of the Arts,215105,100.0,NO_PHD_PROGRAM,0,,IPEDS unitid=215105: No doctoral CS completions in any CS-family CIP code (2020-2024),,
University of Baltimore,University of Baltimore,161873,100.0,CONFIRMED,3,11.0801 (11.0801): 3 PhDs,"IPEDS unitid=161873, CIP codes: 11.0801",,
University of Bridgeport,University of Bridgeport,128744,100.0,CONFIRMED,11,14.0901 (14.0901): 11 PhDs,"IPEDS unitid=128744, CIP codes: 14.0901",,
"University of California, Berkeley",University of California-Berkeley,110635,100.0,CONFIRMED,237,11.0401 (11.0401): 16 PhDs; 11.0701 (11.0701): 221 PhDs,"IPEDS unitid=110635, CIP codes: 11.0401, 11.0701",,
"University of California, Davis",University of California-Davis,110644,96.7,CONFIRMED,82,11.0701 (11.0701): 82 PhDs,"IPEDS unitid=110644, CIP codes: 11.0701",,
"University of California, Hastings College of Law",Hastings College,181127,100.0,NO_PHD_PROGRAM,0,,IPEDS unitid=181127: No doctoral CS completions in any CS-family CIP code (2020-2024),,
"University of California, Irvine",University of California-Irvine,110653,96.8,CONFIRMED,226,11.0104 (11.0104): 33 PhDs; 11.0701 (11.0701): 121 PhDs; 11.0901 (11.0901): 13 PhDs; 14.0901 (14.0901): 43 PhDs; 14.0903 (14.0903): 16 PhDs,"IPEDS unitid=110653, CIP codes: 11.0104, 11.0701, 11.0901, 14.0901, 14.0903",,
"University of California, Los Angeles",University of California-Los Angeles,110662,100.0,CONFIRMED,171,11.0401 (11.0401): 11 PhDs; 11.0701 (11.0701): 160 PhDs,"IPEDS unitid=110662, CIP codes: 11.0401, 11.0701",,
"University of California, Merced",University of California-Merced,445188,96.8,CONFIRMED,42,14.0903 (14.0903): 42 PhDs,"IPEDS unitid=445188, CIP codes: 14.0903",,
"University of California, Riverside",University of California-Riverside,110671,97.1,CONFIRMED,129,11.0701 (11.0701): 129 PhDs,"IPEDS unitid=110671, CIP codes: 11.0701",,
"University of California, San Diego",University of California-San Diego,110680,100.0,CONFIRMED,210,11.0701 (11.0701): 188 PhDs; 14.0901 (14.0901): 22 PhDs,"IPEDS unitid=110680, CIP codes: 11.0701, 14.0901",,
"University of California, San Francisco",University of California-San Francisco,110699,97.4,CONFIRMED,36,11.9999 (11.9999): 36 PhDs,"IPEDS unitid=110699, CIP codes: 11.9999",,
"University of California, Santa Barbara",University of California-Santa Barbara,110705,97.4,CONFIRMED,95,11.0701 (11.0701): 95 PhDs,"IPEDS unitid=110705, CIP codes: 11.0701",,
"University of California, Santa Cruz",University of California-Santa Cruz,110714,97.1,CONFIRMED,111,11.0199 (11.0199): 10 PhDs; 11.0701 (11.0701): 53 PhDs; 11.0899 (11.0899): 7 PhDs; 14.0901 (14.0901): 41 PhDs,"IPEDS unitid=110714, CIP codes: 11.0199, 11.0701, 11.0899, 14.0901",,
University of Central Arkansas,University of Central Arkansas,106704,100.0,NO_PHD_PROGRAM,0,,IPEDS unitid=106704: No doctoral CS completions in any CS-family CIP code (2020-2024),,
University of Central Florida,University of Central Florida,132903,100.0,CONFIRMED,180,11.0101 (11.0101): 141 PhDs; 14.0901 (14.0901): 39 PhDs,"IPEDS unitid=132903, CIP codes: 11.0101, 14.0901",,
University of Central Oklahoma,University of Central Oklahoma,206941,100.0,NO_PHD_PROGRAM,0,,IPEDS unitid=206941: No doctoral CS completions in any CS-family CIP code (2020-2024),,
University of Charleston,University of Charleston,237312,100.0,NO_PHD_PROGRAM,0,,IPEDS unitid=237312: No doctoral CS completions in any CS-family CIP code (2020-2024),,
University of Chicago,University of Chicago,144050,100.0,CONFIRMED,86,11.0701 (11.0701): 86 PhDs,"IPEDS unitid=144050, CIP codes: 11.0701",,
University of Cincinnati,University of Cincinnati-Main Campus,201885,100.0,CONFIRMED,51,11.0103 (11.0103): 3 PhDs; 14.0901 (14.0901): 48 PhDs,"IPEDS unitid=201885, CIP codes: 11.0103, 14.0901",,
University of Colorado at Boulder,University of Colorado Boulder,126614,95.2,CONFIRMED,119,11.0401 (11.0401): 17 PhDs; 11.0701 (11.0701): 102 PhDs,"IPEDS unitid=126614, CIP codes: 11.0401, 11.0701",,
"University of Colorado, Colorado Springs",University of Colorado Colorado Springs,126580,100.0,CONFIRMED,6,11.0101 (11.0101): 3 PhDs; 11.1003 (11.1003): 3 PhDs,"IPEDS unitid=126580, CIP codes: 11.0101, 11.1003",,
"University of Colorado, Denver",University of Colorado Denver/Anschutz Medical Campus,126562,100.0,CONFIRMED,16,11.0101 (11.0101): 16 PhDs,"IPEDS unitid=126562, CIP codes: 11.0101",,
University of Connecticut,University of Connecticut,129020,100.0,CONFIRMED,61,14.0901 (14.0901): 61 PhDs,"IPEDS unitid=129020, CIP codes: 14.0901",,
University of Dallas,University of Dallas,224323,100.0,NO_PHD_PROGRAM,0,,IPEDS unitid=224323: No doctoral CS completions in any CS-family CIP code (2020-2024),,
University of Dayton,University of Dayton,202480,100.0,CONFIRMED,1,11.0701 (11.0701): 1 PhDs,"IPEDS unitid=202480, CIP codes: 11.0701",,
University of Delaware,University of Delaware,130943,100.0,CONFIRMED,122,11.0101 (11.0101): 51 PhDs; 14.0901 (14.0901): 71 PhDs,"IPEDS unitid=130943, CIP codes: 11.0101, 14.0901",,
University of Denver,University of Denver,127060,100.0,CONFIRMED,6,11.0701 (11.0701): 6 PhDs,"IPEDS unitid=127060, CIP codes: 11.0701",,
University of Detroit Mercy,University of Detroit Mercy,169716,100.0,NO_PHD_PROGRAM,0,,IPEDS unitid=169716: No doctoral CS completions in any CS-family CIP code (2020-2024),,
University of the District of Columbia,University of the District of Columbia,131399,100.0,CONFIRMED,6,14.0903 (14.0903): 6 PhDs,"IPEDS unitid=131399, CIP codes: 14.0903",,
University of Dubuque,University of Dubuque,153278,100.0,NO_PHD_PROGRAM,0,,IPEDS unitid=153278: No doctoral CS completions in any CS-family CIP code (2020-2024),,
University of Evansville,University of Evansville,150534,100.0,NO_PHD_PROGRAM,0,,IPEDS unitid=150534: No doctoral CS completions in any CS-family CIP code (2020-2024),,
University of Findlay,The University of Findlay,202763,100.0,NO_PHD_PROGRAM,0,,IPEDS unitid=202763: No doctoral CS completions in any CS-family CIP code (2020-2024),,
University of Florida,University of Florida,134130,100.0,CONFIRMED,105,11.0101 (11.0101): 58 PhDs; 11.0104 (11.0104): 26 PhDs; 14.0901 (14.0901): 21 PhDs,"IPEDS unitid=134130, CIP codes: 11.0101, 11.0104, 14.0901",,
University of Georgia,University of Georgia,139959,100.0,CONFIRMED,54,11.0701 (11.0701): 54 PhDs,"IPEDS unitid=139959, CIP codes: 11.0701",,
University of Great Falls,University of Providence,180258,100.0,NO_PHD_VIA_WEB_RESOLVE,0,,Web-resolved: University of Great Falls -> University of Providence (renamed 2017) -> IPEDS unitid=180258,,University of Great Falls -> University of Providence (renamed 2017)
University of Guam,University of Guam,240754,100.0,NO_PHD_PROGRAM,0,,IPEDS unitid=240754: No doctoral CS completions in any CS-family CIP code (2020-2024),,
University of Hartford,University of Hartford,129525,100.0,NO_PHD_PROGRAM,0,,IPEDS unitid=129525: No doctoral CS completions in any CS-family CIP code (2020-2024),,
University of Hawai`i,University of Hawaii-West Oahu,141981,97.6,NO_PHD_PROGRAM,0,,IPEDS unitid=141981: No doctoral CS completions in any CS-family CIP code (2020-2024),,
"University of Hawai`i, Hilo",University of Hawaii at Hilo,141565,94.3,NO_PHD_VIA_RENAME,0,,Renamed match via pattern 'Hawai`i->Hawaii': IPEDS unitid=141565,Hawai`i->Hawaii,
"University of Hawai`i, Manoa",University of Hawaii at Manoa,141574,94.5,CONFIRMED_VIA_RENAME,18,11.0401 (11.0401): 4 PhDs; 11.0701 (11.0701): 14 PhDs,Renamed match via pattern 'Hawai`i->Hawaii': IPEDS unitid=141574,Hawai`i->Hawaii,
"University of Hawai`i, West O`ahu",NO MATCH FOUND,,0,NEEDS_REVIEW,0,,No confident match found in IPEDS directory,,
University of Health Sciences College of Osteopathic Medicine,CES College,444510,100.0,NO_PHD_PROGRAM,0,,IPEDS unitid=444510: No doctoral CS completions in any CS-family CIP code (2020-2024),,
University of Houston,University of Houston,225511,100.0,CONFIRMED,75,11.0101 (11.0101): 74 PhDs; 14.0901 (14.0901): 1 PhDs,"IPEDS unitid=225511, CIP codes: 11.0101, 14.0901",,
"University of Houston, Clear Lake",University of Houston,225511,100.0,CONFIRMED,75,11.0101 (11.0101): 74 PhDs; 14.0901 (14.0901): 1 PhDs,"IPEDS unitid=225511, CIP codes: 11.0101, 14.0901",,
"University of Houston, Downtown",University of Houston,225511,100.0,CONFIRMED,75,11.0101 (11.0101): 74 PhDs; 14.0901 (14.0901): 1 PhDs,"IPEDS unitid=225511, CIP codes: 11.0101, 14.0901",,
"University of Houston, Victoria",University of Houston,225511,100.0,CONFIRMED,75,11.0101 (11.0101): 74 PhDs; 14.0901 (14.0901): 1 PhDs,"IPEDS unitid=225511, CIP codes: 11.0101, 14.0901",,
University of Idaho,University of Idaho,142285,100.0,CONFIRMED,39,11.0701 (11.0701): 39 PhDs,"IPEDS unitid=142285, CIP codes: 11.0701",,
University of the Incarnate Word,University of the Incarnate Word,225627,100.0,NO_PHD_PROGRAM,0,,IPEDS unitid=225627: No doctoral CS completions in any CS-family CIP code (2020-2024),,
University of Indianapolis,University of Indianapolis,151263,100.0,NO_PHD_PROGRAM,0,,IPEDS unitid=151263: No doctoral CS completions in any CS-family CIP code (2020-2024),,
University of Illinois at Chicago,University of Illinois Chicago,145600,95.2,CONFIRMED,95,11.0501 (11.0501): 8 PhDs; 11.0701 (11.0701): 87 PhDs,"IPEDS unitid=145600, CIP codes: 11.0501, 11.0701",,
University of Illinois at Springfield,University of Illinois Springfield,148654,95.8,NO_PHD_PROGRAM,0,,IPEDS unitid=148654: No doctoral CS completions in any CS-family CIP code (2020-2024),,
University of Illinois at Urbana-Champaign,University of Illinois Urbana-Champaign,145637,100.0,CONFIRMED,341,11.0401 (11.0401): 62 PhDs; 11.0701 (11.0701): 279 PhDs,"IPEDS unitid=145637, CIP codes: 11.0401, 11.0701",,
University of Iowa,University of Iowa,153658,100.0,CONFIRMED,64,11.0101 (11.0101): 30 PhDs; 11.0104 (11.0104): 7 PhDs; 14.0901 (14.0901): 27 PhDs,"IPEDS unitid=153658, CIP codes: 11.0101, 11.0104, 14.0901",,
University of Kansas,University of Kansas,155317,100.0,CONFIRMED,18,11.0101 (11.0101): 18 PhDs,"IPEDS unitid=155317, CIP codes: 11.0101",,
University of Kansas Medical Center,University of Kansas,155317,100.0,CONFIRMED,18,11.0101 (11.0101): 18 PhDs,"IPEDS unitid=155317, CIP codes: 11.0101",,
University of Kentucky,University of Kentucky,157085,100.0,CONFIRMED,51,11.0101 (11.0101): 51 PhDs,"IPEDS unitid=157085, CIP codes: 11.0101",,
University of La Vernee,University of La Verne,117140,100.0,NO_PHD_PROGRAM,0,,IPEDS unitid=117140: No doctoral CS completions in any CS-family CIP code (2020-2024),,
University of Louisiana at Lafayette,University of Louisiana at Lafayette,160658,100.0,CONFIRMED,61,11.0701 (11.0701): 42 PhDs; 14.0901 (14.0901): 19 PhDs,"IPEDS unitid=160658, CIP codes: 11.0701, 14.0901",,
University of Louisiana at Monroe,University of Louisiana at Monroe,159993,100.0,NO_PHD_PROGRAM,0,,IPEDS unitid=159993: No doctoral CS completions in any CS-family CIP code (2020-2024),,
University of Louisville,University of Louisville,157289,100.0,CONFIRMED,33,14.0901 (14.0901): 33 PhDs,"IPEDS unitid=157289, CIP codes: 14.0901",,
University of Maine,University of Maine,161253,100.0,CONFIRMED,9,11.0104 (11.0104): 6 PhDs; 11.0701 (11.0701): 3 PhDs,"IPEDS unitid=161253, CIP codes: 11.0104, 11.0701",,
University of Maine at Farmington,University of Maine at Farmington,161226,100.0,NO_PHD_PROGRAM,0,,IPEDS unitid=161226: No doctoral CS completions in any CS-family CIP code (2020-2024),,
University of Maine at Fort Kent,University of Maine at Fort Kent,161235,100.0,NO_PHD_PROGRAM,0,,IPEDS unitid=161235: No doctoral CS completions in any CS-family CIP code (2020-2024),,
University of Maine at Presque Isle,University of Maine at Presque Isle,161341,100.0,NO_PHD_PROGRAM,0,,IPEDS unitid=161341: No doctoral CS completions in any CS-family CIP code (2020-2024),,
University of Mary Hardin-Baylor,University of Mary Hardin-Baylor,226471,100.0,NO_PHD_PROGRAM,0,,IPEDS unitid=226471: No doctoral CS completions in any CS-family CIP code (2020-2024),,
University of Mary Washington,University of Mary Washington,232681,100.0,NO_PHD_PROGRAM,0,,IPEDS unitid=232681: No doctoral CS completions in any CS-family CIP code (2020-2024),,
University of Maryland Baltimore County,University of Mary,200217,100.0,NO_PHD_PROGRAM,0,,IPEDS unitid=200217: No doctoral CS completions in any CS-family CIP code (2020-2024),,
University of Maryland at Baltimore,University of Mary,200217,100.0,NO_PHD_PROGRAM,0,,IPEDS unitid=200217: No doctoral CS completions in any CS-family CIP code (2020-2024),,
University of Maryland at College Park,University of Mary,200217,100.0,NO_PHD_PROGRAM,0,,IPEDS unitid=200217: No doctoral CS completions in any CS-family CIP code (2020-2024),,
University of Maryland Eastern Shore,University of Maryland Eastern Shore,163338,100.0,NO_PHD_PROGRAM,0,,IPEDS unitid=163338: No doctoral CS completions in any CS-family CIP code (2020-2024),,
University of Maryland University College,University of Mary,200217,100.0,NO_PHD_PROGRAM,0,,IPEDS unitid=200217: No doctoral CS completions in any CS-family CIP code (2020-2024),,
University of Massachusetts at Amherst,University of Massachusetts-Amherst,166629,100.0,CONFIRMED_VIA_RENAME,122,11.0701 (11.0701): 122 PhDs,Renamed match via pattern 'At->hyphen': IPEDS unitid=166629,At->hyphen,
University of Massachusetts at Boston,University of Massachusetts-Boston,166638,100.0,CONFIRMED_VIA_RENAME,24,11.0701 (11.0701): 24 PhDs,Renamed match via pattern 'At->hyphen': IPEDS unitid=166638,At->hyphen,
University of Massachusetts at Dartmouth,University of Massachusetts-Dartmouth,167987,100.0,CONFIRMED_VIA_RENAME,15,14.0901 (14.0901): 15 PhDs,Renamed match via pattern 'At->hyphen': IPEDS unitid=167987,At->hyphen,
University of Massachusetts at Lowell,University of Massachusetts-Lowell,166513,100.0,CONFIRMED_VIA_RENAME,63,11.0701 (11.0701): 40 PhDs; 14.0901 (14.0901): 23 PhDs,Renamed match via pattern 'At->hyphen': IPEDS unitid=166513,At->hyphen,
University of Massachusetts Medical School,University of Massachusetts Chan Medical School,166708,94.4,NO_PHD_PROGRAM,0,,IPEDS unitid=166708: No doctoral CS completions in any CS-family CIP code (2020-2024),,
University of Medicine and Dentistry of New Jersey,University of Medicine and Dentistry of New Jersey,187222,100.0,NO_PHD_PROGRAM,0,,IPEDS unitid=187222: No doctoral CS completions in any CS-family CIP code (2020-2024),,
University of Memphis,University of Memphis,220862,100.0,CONFIRMED,22,11.0701 (11.0701): 22 PhDs,"IPEDS unitid=220862, CIP codes: 11.0701",,
University of Miami,University of Miami,135726,100.0,CONFIRMED,14,11.0701 (11.0701): 14 PhDs,"IPEDS unitid=135726, CIP codes: 11.0701",,
University of Michigan-Ann Arbor,University of Michigan-Ann Arbor,170976,100.0,CONFIRMED,234,11.0101 (11.0101): 1 PhDs; 11.0401 (11.0401): 59 PhDs; 14.0901 (14.0901): 174 PhDs,"IPEDS unitid=170976, CIP codes: 11.0101, 11.0401, 14.0901",,
University of Michigan-Dearborn,University of Michigan-Dearborn,171137,100.0,CONFIRMED,15,11.0101 (11.0101): 11 PhDs; 14.0999 (14.0999): 4 PhDs,"IPEDS unitid=171137, CIP codes: 11.0101, 14.0999",,
University of Michigan-Flint,University of Michigan-Flint,171146,100.0,NO_PHD_PROGRAM,0,,IPEDS unitid=171146: No doctoral CS completions in any CS-family CIP code (2020-2024),,
University of Minnesota-Crookston,University of Minnesota-Crookston,174075,100.0,NO_PHD_PROGRAM,0,,IPEDS unitid=174075: No doctoral CS completions in any CS-family CIP code (2020-2024),,
University of Minnesota-Duluth,University of Minnesota-Duluth,174233,100.0,NO_PHD_PROGRAM,0,,IPEDS unitid=174233: No doctoral CS completions in any CS-family CIP code (2020-2024),,
University of Minnesota-Morris,University of Minnesota-Morris,174251,100.0,NO_PHD_PROGRAM,0,,IPEDS unitid=174251: No doctoral CS completions in any CS-family CIP code (2020-2024),,
University of Minnesota-Twin Cities,University of Minnesota-Twin Cities,174066,100.0,CONFIRMED,116,11.0701 (11.0701): 116 PhDs,"IPEDS unitid=174066, CIP codes: 11.0701",,
University of Mississippi,University of Mississippi,176017,100.0,NO_PHD_PROGRAM,0,,IPEDS unitid=176017: No doctoral CS completions in any CS-family CIP code (2020-2024),,
University of Missouri-Columbia,University of Missouri-Columbia,178396,100.0,CONFIRMED,54,11.0101 (11.0101): 54 PhDs,"IPEDS unitid=178396, CIP codes: 11.0101",,
University of Missouri-Kansas City,University of Missouri-Kansas City,178402,100.0,NO_PHD_PROGRAM,0,,IPEDS unitid=178402: No doctoral CS completions in any CS-family CIP code (2020-2024),,
University of Missouri-Saint Louis,University of Missouri-St Louis,178420,95.4,NO_PHD_PROGRAM,0,,IPEDS unitid=178420: No doctoral CS completions in any CS-family CIP code (2020-2024),,
"University of Montana, Missoula",The University of Montana,180489,100.0,NO_PHD_PROGRAM,0,,IPEDS unitid=180489: No doctoral CS completions in any CS-family CIP code (2020-2024),,
University of Montevallo,University of Montevallo,101709,100.0,NO_PHD_PROGRAM,0,,IPEDS unitid=101709: No doctoral CS completions in any CS-family CIP code (2020-2024),,
University of Natural Medicine,National University of Natural Medicine,209296,100.0,NO_PHD_PROGRAM,0,,IPEDS unitid=209296: No doctoral CS completions in any CS-family CIP code (2020-2024),,
"University of Nebraska, Kearney",University of Nebraska at Kearney,181215,95.2,NO_PHD_PROGRAM,0,,IPEDS unitid=181215: No doctoral CS completions in any CS-family CIP code (2020-2024),,
"University of Nebraska, Lincoln",University of Nebraska-Lincoln,181464,96.7,CONFIRMED,32,11.0101 (11.0101): 20 PhDs; 11.0701 (11.0701): 12 PhDs,"IPEDS unitid=181464, CIP codes: 11.0101, 11.0701",,
"University of Nebraska, Omaha",University of Nebraska at Omaha,181394,94.9,CONFIRMED,21,11.0103 (11.0103): 17 PhDs; 11.0104 (11.0104): 4 PhDs,"IPEDS unitid=181394, CIP codes: 11.0103, 11.0104",,
"University of Nevada, Las Vegas",University of Nevada-Las Vegas,182281,96.7,CONFIRMED,15,11.0701 (11.0701): 15 PhDs,"IPEDS unitid=182281, CIP codes: 11.0701",,
"University of Nevada, Reno",University of Nevada-Reno,182290,96.0,CONFIRMED,44,11.0701 (11.0701): 28 PhDs; 14.0901 (14.0901): 16 PhDs,"IPEDS unitid=182290, CIP codes: 11.0701, 14.0901",,
University of New England,University of New England,161457,100.0,NO_PHD_PROGRAM,0,,IPEDS unitid=161457: No doctoral CS completions in any CS-family CIP code (2020-2024),,
"University of New Hampshire, Durham",University of New Haven,129941,93.0,NO_PHD_PROGRAM,0,,IPEDS unitid=129941: No doctoral CS completions in any CS-family CIP code (2020-2024),,
University of New Haven,University of New Haven,129941,100.0,NO_PHD_PROGRAM,0,,IPEDS unitid=129941: No doctoral CS completions in any CS-family CIP code (2020-2024),,
University of New Mexico,University of New Mexico-Gallup Campus,187958,100.0,NO_PHD_PROGRAM,0,,IPEDS unitid=187958: No doctoral CS completions in any CS-family CIP code (2020-2024),,
University of New Orleans,University of New Orleans,159939,100.0,NO_PHD_PROGRAM,0,,IPEDS unitid=159939: No doctoral CS completions in any CS-family CIP code (2020-2024),,
University of Newport,University of New Orleans,159939,92.7,NO_PHD_PROGRAM,0,,IPEDS unitid=159939: No doctoral CS completions in any CS-family CIP code (2020-2024),,
University of North Alabama,University of North Alabama,101879,100.0,NO_PHD_PROGRAM,0,,IPEDS unitid=101879: No doctoral CS completions in any CS-family CIP code (2020-2024),,
University of North Carolina at Asheville,University of North Carolina Asheville,199111,96.2,NO_PHD_PROGRAM,0,,IPEDS unitid=199111: No doctoral CS completions in any CS-family CIP code (2020-2024),,
University of North Carolina at Chapel Hill,University of North Carolina at Chapel Hill,199120,100.0,CONFIRMED,112,11.0401 (11.0401): 21 PhDs; 11.0701 (11.0701): 91 PhDs,"IPEDS unitid=199120, CIP codes: 11.0401, 11.0701",,
University of North Carolina at Charlotte,University of North Carolina at Charlotte,199139,100.0,CONFIRMED,89,11.0101 (11.0101): 89 PhDs,"IPEDS unitid=199139, CIP codes: 11.0101",,
University of North Carolina at Greensboro,University of North Carolina at Greensboro,199148,100.0,CONFIRMED,2,11.0103 (11.0103): 2 PhDs,"IPEDS unitid=199148, CIP codes: 11.0103",,
University of North Carolina at Pembroke,University of North Carolina at Pembroke,199281,100.0,NO_PHD_PROGRAM,0,,IPEDS unitid=199281: No doctoral CS completions in any CS-family CIP code (2020-2024),,
University of North Carolina at Wilmington,University of North Carolina Wilmington,199218,96.3,NO_PHD_PROGRAM,0,,IPEDS unitid=199218: No doctoral CS completions in any CS-family CIP code (2020-2024),,
University of North Dakota,University of North Dakota,200280,100.0,CONFIRMED,4,11.0701 (11.0701): 4 PhDs,"IPEDS unitid=200280, CIP codes: 11.0701",,
University of North Dakota--Lake Region,University of North Dakota,200280,100.0,CONFIRMED,4,11.0701 (11.0701): 4 PhDs,"IPEDS unitid=200280, CIP codes: 11.0701",,
University of North Florida,University of North Florida,136172,100.0,NO_PHD_PROGRAM,0,,IPEDS unitid=136172: No doctoral CS completions in any CS-family CIP code (2020-2024),,
University of North Texas,University of North Texas,227216,100.0,CONFIRMED,121,11.0101 (11.0101): 57 PhDs; 11.0401 (11.0401): 64 PhDs,"IPEDS unitid=227216, CIP codes: 11.0101, 11.0401",,
University of Northern Colorado,University of Northern Colorado,127741,100.0,NO_PHD_PROGRAM,0,,IPEDS unitid=127741: No doctoral CS completions in any CS-family CIP code (2020-2024),,
University of Northern Iowa,University of Northern Iowa,154095,100.0,NO_PHD_PROGRAM,0,,IPEDS unitid=154095: No doctoral CS completions in any CS-family CIP code (2020-2024),,
University of Notre Dame,University of Notre Dame,152080,100.0,CONFIRMED,102,14.0901 (14.0901): 102 PhDs,"IPEDS unitid=152080, CIP codes: 14.0901",,
University of Oklahoma,University of Oklahoma - Nellis Air Force Base,494223,100.0,NO_PHD_PROGRAM,0,,IPEDS unitid=494223: No doctoral CS completions in any CS-family CIP code (2020-2024),,
University of Oregon,University of Oregon,209551,100.0,CONFIRMED,38,11.0101 (11.0101): 38 PhDs,"IPEDS unitid=209551, CIP codes: 11.0101",,
University of Orlando,NO MATCH FOUND,,0,NEEDS_REVIEW,0,,No confident match found in IPEDS directory,,
University of Osteopathic Medicine and Health Science,NO MATCH FOUND,,0,NEEDS_REVIEW,0,,No confident match found in IPEDS directory,,
University of the Ozarks,University of the Ozarks,107558,100.0,NO_PHD_PROGRAM,0,,IPEDS unitid=107558: No doctoral CS completions in any CS-family CIP code (2020-2024),,
University of the Pacific,University of the Pacific,120883,100.0,NO_PHD_PROGRAM,0,,IPEDS unitid=120883: No doctoral CS completions in any CS-family CIP code (2020-2024),,
University of Pennsylvania,University of Pennsylvania,215062,100.0,CONFIRMED,87,11.0101 (11.0101): 87 PhDs,"IPEDS unitid=215062, CIP codes: 11.0101",,
University of Phoenix,University of Phoenix-Detroit Campus,421018,100.0,NO_PHD_PROGRAM,0,,IPEDS unitid=421018: No doctoral CS completions in any CS-family CIP code (2020-2024),,
University of Pittsburgh,University of Pittsburgh-Pittsburgh Campus,215293,100.0,CONFIRMED,84,11.0102 (11.0102): 11 PhDs; 11.0401 (11.0401): 29 PhDs; 11.0701 (11.0701): 42 PhDs; 14.0901 (14.0901): 2 PhDs,"IPEDS unitid=215293, CIP codes: 11.0102, 11.0401, 11.0701, 14.0901",,
University of Pittsburgh at Bradford,University of Pittsburgh-Bradford,215266,100.0,NO_PHD_VIA_RENAME,0,,Renamed match via pattern 'At->hyphen': IPEDS unitid=215266,At->hyphen,
University of Pittsburgh at Greenburg,University of Pittsburgh-Greensburg,215275,100.0,NO_PHD_VIA_WEB_RESOLVE,0,,Web-resolved: University of Pittsburgh at Greenburg -> University of Pittsburgh-Greensburg (spelling fix) -> IPEDS unitid=215275,,University of Pittsburgh at Greenburg -> University of Pittsburgh-Greensburg (spelling fix)
University of Pittsburgh at Johnstown,University of Pittsburgh-Johnstown,215284,100.0,NO_PHD_VIA_RENAME,0,,Renamed match via pattern 'At->hyphen': IPEDS unitid=215284,At->hyphen,
University of Portland,University of Portland,209825,100.0,NO_PHD_PROGRAM,0,,IPEDS unitid=209825: No doctoral CS completions in any CS-family CIP code (2020-2024),,
"University of Puerto Rico, Mayaguez",University of Puerto Rico-Mayaguez,243197,97.1,CONFIRMED,9,11.0101 (11.0101): 9 PhDs,"IPEDS unitid=243197, CIP codes: 11.0101",,
"University of Puerto Rico, Rio Piedras",University of Puerto Rico-Rio Piedras,243221,97.3,NO_PHD_PROGRAM,0,,IPEDS unitid=243221: No doctoral CS completions in any CS-family CIP code (2020-2024),,
University of Puget Sound,University of Puget Sound,236328,100.0,NO_PHD_PROGRAM,0,,IPEDS unitid=236328: No doctoral CS completions in any CS-family CIP code (2020-2024),,
University of Redlands,University of Redlands,121691,100.0,NO_PHD_PROGRAM,0,,IPEDS unitid=121691: No doctoral CS completions in any CS-family CIP code (2020-2024),,
University of Rhode Island,University of Rhode Island,217484,100.0,CONFIRMED,8,11.0701 (11.0701): 8 PhDs,"IPEDS unitid=217484, CIP codes: 11.0701",,
University of Richmond,University of Richmond,233374,100.0,NO_PHD_PROGRAM,0,,IPEDS unitid=233374: No doctoral CS completions in any CS-family CIP code (2020-2024),,
University of Rio Grande,University of Rio Grande,205203,100.0,NO_PHD_PROGRAM,0,,IPEDS unitid=205203: No doctoral CS completions in any CS-family CIP code (2020-2024),,
University of Rochester,University of Rochester,195030,100.0,CONFIRMED,58,11.0701 (11.0701): 58 PhDs,"IPEDS unitid=195030, CIP codes: 11.0701",,
University of Saint Francis,University of Saint Francis-Fort Wayne,152336,100.0,NO_PHD_PROGRAM,0,,IPEDS unitid=152336: No doctoral CS completions in any CS-family CIP code (2020-2024),,
University of Saint Mary,University of Saint Mary,155812,100.0,NO_PHD_PROGRAM,0,,IPEDS unitid=155812: No doctoral CS completions in any CS-family CIP code (2020-2024),,
"University of Saint Thomas, Houston",NO MATCH FOUND,,0,NEEDS_REVIEW,0,,No confident match found in IPEDS directory,,
"University of Saint Thomas, Saint Paul",NO MATCH FOUND,,0,NEEDS_REVIEW,0,,No confident match found in IPEDS directory,,
University of San Diego,University of San Diego,122436,100.0,NO_PHD_PROGRAM,0,,IPEDS unitid=122436: No doctoral CS completions in any CS-family CIP code (2020-2024),,
University of San Francisco,University of San Francisco,122612,100.0,NO_PHD_PROGRAM,0,,IPEDS unitid=122612: No doctoral CS completions in any CS-family CIP code (2020-2024),,
University of Sarasota,NO MATCH FOUND,,0,NEEDS_REVIEW,0,,No confident match found in IPEDS directory,,
University of Science and Arts of Oklahoma,University of Science and Arts of Oklahoma,207722,100.0,NO_PHD_PROGRAM,0,,IPEDS unitid=207722: No doctoral CS completions in any CS-family CIP code (2020-2024),,
University of the Sciences in Philadelphia,University of the Sciences,215132,100.0,NO_PHD_PROGRAM,0,,IPEDS unitid=215132: No doctoral CS completions in any CS-family CIP code (2020-2024),,
University of Scranton,University of Scranton,215929,100.0,NO_PHD_PROGRAM,0,,IPEDS unitid=215929: No doctoral CS completions in any CS-family CIP code (2020-2024),,
University of Sioux Falls,University of Sioux Falls,219383,100.0,NO_PHD_PROGRAM,0,,IPEDS unitid=219383: No doctoral CS completions in any CS-family CIP code (2020-2024),,
University of the South,The University of the South,221519,100.0,NO_PHD_PROGRAM,0,,IPEDS unitid=221519: No doctoral CS completions in any CS-family CIP code (2020-2024),,
University of South Alabama,University of South Alabama,102094,100.0,CONFIRMED,21,11.0101 (11.0101): 21 PhDs,"IPEDS unitid=102094, CIP codes: 11.0101",,
University of South Carolina,University of South Carolina-Columbia,218663,100.0,CONFIRMED,61,11.0104 (11.0104): 2 PhDs; 11.0701 (11.0701): 21 PhDs; 14.0901 (14.0901): 38 PhDs,"IPEDS unitid=218663, CIP codes: 11.0104, 11.0701, 14.0901",,
"University of South Carolina, Aiken",University of South Carolina Aiken,218645,100.0,NO_PHD_PROGRAM,0,,IPEDS unitid=218645: No doctoral CS completions in any CS-family CIP code (2020-2024),,
"University of South Carolina, Beaufort",University of South Carolina Beaufort,218654,100.0,NO_PHD_PROGRAM,0,,IPEDS unitid=218654: No doctoral CS completions in any CS-family CIP code (2020-2024),,
"University of South Carolina, Spartanburg",University of South Carolina Aiken,218645,92.1,NO_PHD_PROGRAM,0,,IPEDS unitid=218645: No doctoral CS completions in any CS-family CIP code (2020-2024),,
University of South Dakota,University of South Dakota,219471,100.0,NO_PHD_PROGRAM,0,,IPEDS unitid=219471: No doctoral CS completions in any CS-family CIP code (2020-2024),,
University of South Florida,University of South Florida,137351,100.0,CONFIRMED,83,11.0104 (11.0104): 2 PhDs; 14.0901 (14.0901): 81 PhDs,"IPEDS unitid=137351, CIP codes: 11.0104, 14.0901",,
University of Southern California,University of Southern California,123961,100.0,CONFIRMED,220,11.0701 (11.0701): 210 PhDs; 14.0901 (14.0901): 10 PhDs,"IPEDS unitid=123961, CIP codes: 11.0701, 14.0901",,
University of Southern Indiana,University of Southern Indiana,151306,100.0,NO_PHD_PROGRAM,0,,IPEDS unitid=151306: No doctoral CS completions in any CS-family CIP code (2020-2024),,
University of Southern Maine,University of Southern Maine,161554,100.0,NO_PHD_PROGRAM,0,,IPEDS unitid=161554: No doctoral CS completions in any CS-family CIP code (2020-2024),,
University of Southern Mississippi,University of Southern Mississippi,176372,100.0,CONFIRMED,31,11.9999 (11.9999): 31 PhDs,"IPEDS unitid=176372, CIP codes: 11.9999",,
University of Tampa,The University of Tampa,137847,100.0,NO_PHD_PROGRAM,0,,IPEDS unitid=137847: No doctoral CS completions in any CS-family CIP code (2020-2024),,
"University of Tennessee, Chattanooga",The University of Tennessee-Chattanooga,221740,97.1,NO_PHD_PROGRAM,0,,IPEDS unitid=221740: No doctoral CS completions in any CS-family CIP code (2020-2024),,
University of Tennessee Health Science Center,The University of Tennessee Health Science Center,487010,100.0,NO_PHD_PROGRAM,0,,IPEDS unitid=487010: No doctoral CS completions in any CS-family CIP code (2020-2024),,
"University of Tennessee, Knoxville",The University of Tennessee-Knoxville,221759,97.0,CONFIRMED,53,11.0701 (11.0701): 35 PhDs; 14.0901 (14.0901): 18 PhDs,"IPEDS unitid=221759, CIP codes: 11.0701, 14.0901",,
"University of Tennessee, Martin",The University of Tennessee-Martin,221768,96.7,NO_PHD_PROGRAM,0,,IPEDS unitid=221768: No doctoral CS completions in any CS-family CIP code (2020-2024),,
University of Texas at Arlington,The University of Texas at Arlington,228769,100.0,CONFIRMED,92,11.0101 (11.0101): 81 PhDs; 14.0901 (14.0901): 11 PhDs,"IPEDS unitid=228769, CIP codes: 11.0101, 14.0901",,
University of Texas at Austin,The University of Texas at Austin,228778,100.0,CONFIRMED,137,11.0101 (11.0101): 126 PhDs; 11.0401 (11.0401): 11 PhDs,"IPEDS unitid=228778, CIP codes: 11.0101, 11.0401",,
University of Texas at Brownsville,The University of Texas Rio Grande Valley,227368,100.0,NO_PHD_VIA_WEB_RESOLVE,0,,Web-resolved: University of Texas at Brownsville -> The University of Texas Rio Grande Valley (merged 2015) -> IPEDS unitid=227368,,University of Texas at Brownsville -> The University of Texas Rio Grande Valley (merged 2015)
University of Texas at Dallas,The University of Texas at Dallas,228787,100.0,CONFIRMED,150,11.0101 (11.0101): 111 PhDs; 14.0901 (14.0901): 23 PhDs; 14.0903 (14.0903): 16 PhDs,"IPEDS unitid=228787, CIP codes: 11.0101, 14.0901, 14.0903",,
University of Texas at El Paso,The University of Texas at El Paso,228796,100.0,CONFIRMED,26,11.0701 (11.0701): 26 PhDs,"IPEDS unitid=228796, CIP codes: 11.0701",,
University of Texas Health Science Center at Houston,The University of Texas Health Science Center at Houston,229300,100.0,NO_PHD_PROGRAM,0,,IPEDS unitid=229300: No doctoral CS completions in any CS-family CIP code (2020-2024),,
University of Texas Health Science Center at San Antonio,The University of Texas Health Science Center at San Antonio,228644,100.0,NO_PHD_PROGRAM,0,,IPEDS unitid=228644: No doctoral CS completions in any CS-family CIP code (2020-2024),,
University of Texas Health Center at Tyler,University of Texas Health Science Center at Tyler,485537,91.3,NO_PHD_PROGRAM,0,,IPEDS unitid=485537: No doctoral CS completions in any CS-family CIP code (2020-2024),,
University of Texas Medical Branch,The University of Texas Medical Branch at Galveston,228653,100.0,NO_PHD_PROGRAM,0,,IPEDS unitid=228653: No doctoral CS completions in any CS-family CIP code (2020-2024),,
University of Texas-Pan American,The University of Texas Rio Grande Valley,227368,100.0,NO_PHD_VIA_WEB_RESOLVE,0,,Web-resolved: University of Texas-Pan American -> The University of Texas Rio Grande Valley (merged 2015) -> IPEDS unitid=227368,,University of Texas-Pan American -> The University of Texas Rio Grande Valley (merged 2015)
University of Texas of the Permian Basin,NO MATCH FOUND,,0,NEEDS_REVIEW,0,,No confident match found in IPEDS directory,,
University of Texas at San Antonio,The University of Texas at San Antonio,229027,100.0,CONFIRMED,55,11.0103 (11.0103): 2 PhDs; 11.0701 (11.0701): 53 PhDs,"IPEDS unitid=229027, CIP codes: 11.0103, 11.0701",,
University of Texas at Tyler,The University of Texas at Tyler,228802,100.0,NO_PHD_PROGRAM,0,,IPEDS unitid=228802: No doctoral CS completions in any CS-family CIP code (2020-2024),,
University of Texas Southwestern Medical Center,University of Texas Southwestern Medical Center,228635,100.0,NO_PHD_PROGRAM,0,,IPEDS unitid=228635: No doctoral CS completions in any CS-family CIP code (2020-2024),,
University of the Southwest,University of the Southwest,188182,100.0,NO_PHD_PROGRAM,0,,IPEDS unitid=188182: No doctoral CS completions in any CS-family CIP code (2020-2024),,
University of Toledo,University of Toledo,206084,100.0,NO_PHD_PROGRAM,0,,IPEDS unitid=206084: No doctoral CS completions in any CS-family CIP code (2020-2024),,
University of Tulsa,University of Tulsa,207971,100.0,CONFIRMED,33,11.0701 (11.0701): 25 PhDs; 14.0901 (14.0901): 8 PhDs,"IPEDS unitid=207971, CIP codes: 11.0701, 14.0901",,
University of Utah,University of Utah,230764,100.0,CONFIRMED,119,11.0101 (11.0101): 61 PhDs; 11.0701 (11.0701): 58 PhDs,"IPEDS unitid=230764, CIP codes: 11.0101, 11.0701",,
University of Vermont,University of Vermont,231174,100.0,CONFIRMED,11,11.0701 (11.0701): 11 PhDs,"IPEDS unitid=231174, CIP codes: 11.0701",,
University of the Virgin Islands,University of the Virgin Islands,243665,100.0,NO_PHD_PROGRAM,0,,IPEDS unitid=243665: No doctoral CS completions in any CS-family CIP code (2020-2024),,
University of Virginia,University of Virginia-Main Campus,234076,100.0,CONFIRMED,87,11.0101 (11.0101): 66 PhDs; 14.0901 (14.0901): 21 PhDs,"IPEDS unitid=234076, CIP codes: 11.0101, 14.0901",,
University of Washington,University of Washington-Seattle Campus,236948,100.0,CONFIRMED,302,11.0101 (11.0101): 227 PhDs; 11.0103 (11.0103): 25 PhDs; 11.0105 (11.0105): 9 PhDs; 11.0401 (11.0401): 41 PhDs,"IPEDS unitid=236948, CIP codes: 11.0101, 11.0103, 11.0105, 11.0401",,
University of West Alabama,University of West Alabama,101587,100.0,NO_PHD_PROGRAM,0,,IPEDS unitid=101587: No doctoral CS completions in any CS-family CIP code (2020-2024),,
University of West Florida,University of West Florida,138354,100.0,CONFIRMED,4,11.0102 (11.0102): 4 PhDs,"IPEDS unitid=138354, CIP codes: 11.0102",,
University of West Georgia,University of West Georgia,141334,100.0,NO_PHD_PROGRAM,0,,IPEDS unitid=141334: No doctoral CS completions in any CS-family CIP code (2020-2024),,
University of Wisconsin-Green Bay,University of Wisconsin-Green Bay,240277,100.0,NO_PHD_PROGRAM,0,,IPEDS unitid=240277: No doctoral CS completions in any CS-family CIP code (2020-2024),,
University of Wisconsin-Eau Claire,University of Wisconsin-Eau Claire,240268,100.0,NO_PHD_PROGRAM,0,,IPEDS unitid=240268: No doctoral CS completions in any CS-family CIP code (2020-2024),,
University of Wisconsin-La Crosse,University of Wisconsin-La Crosse,240329,100.0,NO_PHD_PROGRAM,0,,IPEDS unitid=240329: No doctoral CS completions in any CS-family CIP code (2020-2024),,
University of Wisconsin-Madison,University of Wisconsin-Madison,240444,100.0,CONFIRMED,108,11.0101 (11.0101): 104 PhDs; 11.0401 (11.0401): 4 PhDs,"IPEDS unitid=240444, CIP codes: 11.0101, 11.0401",,
University of Wisconsin-Milwaukee,University of Wisconsin-Milwaukee,240453,100.0,CONFIRMED,14,11.0401 (11.0401): 14 PhDs,"IPEDS unitid=240453, CIP codes: 11.0401",,
University of Wisconsin-Oshkosh,University of Wisconsin-Oshkosh,240365,100.0,NO_PHD_PROGRAM,0,,IPEDS unitid=240365: No doctoral CS completions in any CS-family CIP code (2020-2024),,
University of Wisconsin-Parkside,University of Wisconsin-Parkside,240374,100.0,NO_PHD_PROGRAM,0,,IPEDS unitid=240374: No doctoral CS completions in any CS-family CIP code (2020-2024),,
University of Wisconsin-Platteville,University of Wisconsin-Platteville,240462,100.0,NO_PHD_PROGRAM,0,,IPEDS unitid=240462: No doctoral CS completions in any CS-family CIP code (2020-2024),,
University of Wisconsin-Stevens Point,University of Wisconsin-Stevens Point,240480,100.0,NO_PHD_PROGRAM,0,,IPEDS unitid=240480: No doctoral CS completions in any CS-family CIP code (2020-2024),,
University of Wisconsin-Stout,University of Wisconsin-Stout,240417,100.0,NO_PHD_PROGRAM,0,,IPEDS unitid=240417: No doctoral CS completions in any CS-family CIP code (2020-2024),,
University of Wisconsin-Superior,University of Wisconsin-Superior,240426,100.0,NO_PHD_PROGRAM,0,,IPEDS unitid=240426: No doctoral CS completions in any CS-family CIP code (2020-2024),,
University of Wisconsin-River Falls,University of Wisconsin-River Falls,240471,100.0,NO_PHD_PROGRAM,0,,IPEDS unitid=240471: No doctoral CS completions in any CS-family CIP code (2020-2024),,
University of Wisconsin-Whitewater,University of Wisconsin-Whitewater,240189,100.0,NO_PHD_PROGRAM,0,,IPEDS unitid=240189: No doctoral CS completions in any CS-family CIP code (2020-2024),,
University of Wyoming,University of Wyoming,240727,100.0,CONFIRMED,7,11.0701 (11.0701): 7 PhDs,"IPEDS unitid=240727, CIP codes: 11.0701",,
Upper Iowa University,Upper Iowa University,154493,100.0,NO_PHD_PROGRAM,0,,IPEDS unitid=154493: No doctoral CS completions in any CS-family CIP code (2020-2024),,
Urbana University,Urbana University,206330,100.0,NO_PHD_PROGRAM,0,,IPEDS unitid=206330: No doctoral CS completions in any CS-family CIP code (2020-2024),,
Ursinus College,Ursinus College,216524,100.0,NO_PHD_PROGRAM,0,,IPEDS unitid=216524: No doctoral CS completions in any CS-family CIP code (2020-2024),,
Ursuline College,Ursuline College,206349,100.0,NO_PHD_PROGRAM,0,,IPEDS unitid=206349: No doctoral CS completions in any CS-family CIP code (2020-2024),,
Utah State University,Utah State University,230728,100.0,CONFIRMED,19,11.0101 (11.0101): 19 PhDs,"IPEDS unitid=230728, CIP codes: 11.0101",,
Utah Valley State College,Bay State College,164641,93.8,NO_PHD_PROGRAM,0,,IPEDS unitid=164641: No doctoral CS completions in any CS-family CIP code (2020-2024),,
Utica College,Utica University,197045,100.0,NO_PHD_VIA_RENAME,0,,Renamed match via pattern 'College->University': IPEDS unitid=197045,College->University,
Valdosta State University,Valdosta State University,141264,100.0,NO_PHD_PROGRAM,0,,IPEDS unitid=141264: No doctoral CS completions in any CS-family CIP code (2020-2024),,
Valley City State University,Valley City State University,200572,100.0,NO_PHD_PROGRAM,0,,IPEDS unitid=200572: No doctoral CS completions in any CS-family CIP code (2020-2024),,
Valparaiso University,Valparaiso University,152600,100.0,NO_PHD_PROGRAM,0,,IPEDS unitid=152600: No doctoral CS completions in any CS-family CIP code (2020-2024),,
Vanderbilt University,Vanderbilt University,221999,100.0,CONFIRMED,55,11.0701 (11.0701): 55 PhDs,"IPEDS unitid=221999, CIP codes: 11.0701",,
Vanguard University,Vanguard University of Southern California,123651,100.0,NO_PHD_PROGRAM,0,,IPEDS unitid=123651: No doctoral CS completions in any CS-family CIP code (2020-2024),,
Vassar College,Vassar College,197133,100.0,NO_PHD_PROGRAM,0,,IPEDS unitid=197133: No doctoral CS completions in any CS-family CIP code (2020-2024),,
Vaughn College of Aeronautics,Vaughn College of Aeronautics and Technology,188340,100.0,NO_PHD_PROGRAM,0,,IPEDS unitid=188340: No doctoral CS completions in any CS-family CIP code (2020-2024),,
Vennard College,Bard College,189088,95.7,NO_PHD_PROGRAM,0,,IPEDS unitid=189088: No doctoral CS completions in any CS-family CIP code (2020-2024),,
Vermont Technical College,ITI Technical College,159197,95.0,NO_PHD_PROGRAM,0,,IPEDS unitid=159197: No doctoral CS completions in any CS-family CIP code (2020-2024),,
Villanova University,Villanova University,216597,100.0,NO_PHD_PROGRAM,0,,IPEDS unitid=216597: No doctoral CS completions in any CS-family CIP code (2020-2024),,
Virginia Commonwealth University,Virginia Commonwealth University,234030,100.0,CONFIRMED,9,11.0101 (11.0101): 9 PhDs,"IPEDS unitid=234030, CIP codes: 11.0101",,
Virginia Intermont College,Virginia Intermont College,233912,100.0,NO_PHD_PROGRAM,0,,IPEDS unitid=233912: No doctoral CS completions in any CS-family CIP code (2020-2024),,
Virginia International University,National University,119605,100.0,NO_PHD_PROGRAM,0,,IPEDS unitid=119605: No doctoral CS completions in any CS-family CIP code (2020-2024),,
Virginia Military Institute,Virginia Military Institute,234085,100.0,NO_PHD_PROGRAM,0,,IPEDS unitid=234085: No doctoral CS completions in any CS-family CIP code (2020-2024),,
Virginia Polytechnic Institute and State University,Virginia Polytechnic Institute and State University,233921,100.0,CONFIRMED,180,11.0101 (11.0101): 125 PhDs; 14.0901 (14.0901): 55 PhDs,"IPEDS unitid=233921, CIP codes: 11.0101, 14.0901",,
Virginia State University,Virginia State University,234155,100.0,NO_PHD_PROGRAM,0,,IPEDS unitid=234155: No doctoral CS completions in any CS-family CIP code (2020-2024),,
Virginia Union University,Virginia Union University,234164,100.0,NO_PHD_PROGRAM,0,,IPEDS unitid=234164: No doctoral CS completions in any CS-family CIP code (2020-2024),,
Virginia University of Lynchburg,Virginia University of Lynchburg,234137,100.0,NO_PHD_PROGRAM,0,,IPEDS unitid=234137: No doctoral CS completions in any CS-family CIP code (2020-2024),,
Virginia Wesleyan College,West Virginia Wesleyan College,237969,100.0,NO_PHD_PROGRAM,0,,IPEDS unitid=237969: No doctoral CS completions in any CS-family CIP code (2020-2024),,
Viterbo College,Viterbo University,240107,100.0,NO_PHD_VIA_RENAME,0,,Renamed match via pattern 'College->University': IPEDS unitid=240107,College->University,
Voorhees College,CES College,444510,95.2,NO_PHD_PROGRAM,0,,IPEDS unitid=444510: No doctoral CS completions in any CS-family CIP code (2020-2024),,
Wabash College,Wabash College,152673,100.0,NO_PHD_PROGRAM,0,,IPEDS unitid=152673: No doctoral CS completions in any CS-family CIP code (2020-2024),,
Wagner College,Wagner College,197197,100.0,NO_PHD_PROGRAM,0,,IPEDS unitid=197197: No doctoral CS completions in any CS-family CIP code (2020-2024),,
Wake Forest University,Wake Forest University,199847,100.0,NO_PHD_PROGRAM,0,,IPEDS unitid=199847: No doctoral CS completions in any CS-family CIP code (2020-2024),,
Warner Pacific College,Pacific College,422695,100.0,NO_PHD_PROGRAM,0,,IPEDS unitid=422695: No doctoral CS completions in any CS-family CIP code (2020-2024),,
Wartburg College,Wartburg College,154527,100.0,NO_PHD_PROGRAM,0,,IPEDS unitid=154527: No doctoral CS completions in any CS-family CIP code (2020-2024),,
Walden University,Walden University,125231,100.0,CONFIRMED,103,11.0101 (11.0101): 103 PhDs,"IPEDS unitid=125231, CIP codes: 11.0101",,
Waldorf College,Fox College,145239,90.0,NO_PHD_PROGRAM,0,,IPEDS unitid=145239: No doctoral CS completions in any CS-family CIP code (2020-2024),,
Walla Walla University,Walla Walla University,236896,100.0,NO_PHD_PROGRAM,0,,IPEDS unitid=236896: No doctoral CS completions in any CS-family CIP code (2020-2024),,
Walsh University,Walsh University,206437,100.0,NO_PHD_PROGRAM,0,,IPEDS unitid=206437: No doctoral CS completions in any CS-family CIP code (2020-2024),,
Warren Wilson College,Warren Wilson College,199865,100.0,NO_PHD_PROGRAM,0,,IPEDS unitid=199865: No doctoral CS completions in any CS-family CIP code (2020-2024),,
Washburn University,Washburn University,156082,100.0,NO_PHD_PROGRAM,0,,IPEDS unitid=156082: No doctoral CS completions in any CS-family CIP code (2020-2024),,
Washington & Jefferson College,Washington & Jefferson College,216667,100.0,NO_PHD_PROGRAM,0,,IPEDS unitid=216667: No doctoral CS completions in any CS-family CIP code (2020-2024),,
Washington & Lee University,Lee University,220613,100.0,NO_PHD_PROGRAM,0,,IPEDS unitid=220613: No doctoral CS completions in any CS-family CIP code (2020-2024),,
Washington Bible College / Capital Bible Seminary,Washington Bible College-Capital Bible Seminary,164207,95.8,NO_PHD_PROGRAM,0,,IPEDS unitid=164207: No doctoral CS completions in any CS-family CIP code (2020-2024),,
Washington College,Washington College,164216,100.0,NO_PHD_PROGRAM,0,,IPEDS unitid=164216: No doctoral CS completions in any CS-family CIP code (2020-2024),,
Washington State University,Washington State University,236939,100.0,CONFIRMED,43,11.0701 (11.0701): 41 PhDs; 11.1099 (11.1099): 2 PhDs,"IPEDS unitid=236939, CIP codes: 11.0701, 11.1099",,
Washington University in Saint Louis,Washington University in St Louis,179867,95.7,CONFIRMED,56,11.0701 (11.0701): 50 PhDs; 14.0901 (14.0901): 6 PhDs,"IPEDS unitid=179867, CIP codes: 11.0701, 14.0901",,
"Watkins College of Art, Design and Film",Watkins College of Art Design & Film,392840,94.6,NO_PHD_PROGRAM,0,,IPEDS unitid=392840: No doctoral CS completions in any CS-family CIP code (2020-2024),,
Wayland Baptist University,Wayland Baptist University,229780,100.0,NO_PHD_PROGRAM,0,,IPEDS unitid=229780: No doctoral CS completions in any CS-family CIP code (2020-2024),,
Wayne State College,Wayne State College,181783,100.0,NO_PHD_PROGRAM,0,,IPEDS unitid=181783: No doctoral CS completions in any CS-family CIP code (2020-2024),,
Wayne State University,Wayne State University,172644,100.0,CONFIRMED,58,11.0101 (11.0101): 52 PhDs; 14.0901 (14.0901): 6 PhDs,"IPEDS unitid=172644, CIP codes: 11.0101, 14.0901",,
Waynesburg College,Waynesburg University,216694,100.0,NO_PHD_VIA_RENAME,0,,Renamed match via pattern 'College->University': IPEDS unitid=216694,College->University,
Webb Institute,Webb Institute,197221,100.0,NO_PHD_PROGRAM,0,,IPEDS unitid=197221: No doctoral CS completions in any CS-family CIP code (2020-2024),,
Weber State University,Weber State University,230782,100.0,NO_PHD_PROGRAM,0,,IPEDS unitid=230782: No doctoral CS completions in any CS-family CIP code (2020-2024),,
Webster University,Webster University,179894,100.0,NO_PHD_PROGRAM,0,,IPEDS unitid=179894: No doctoral CS completions in any CS-family CIP code (2020-2024),,
Webster University North Florida,Webster University,179894,100.0,NO_PHD_PROGRAM,0,,IPEDS unitid=179894: No doctoral CS completions in any CS-family CIP code (2020-2024),,
Webster University Orlando,Webster University,179894,100.0,NO_PHD_PROGRAM,0,,IPEDS unitid=179894: No doctoral CS completions in any CS-family CIP code (2020-2024),,
Wellesley College,Wellesley College,168218,100.0,NO_PHD_PROGRAM,0,,IPEDS unitid=168218: No doctoral CS completions in any CS-family CIP code (2020-2024),,
Wells College,Wells College,197230,100.0,NO_PHD_PROGRAM,0,,IPEDS unitid=197230: No doctoral CS completions in any CS-family CIP code (2020-2024),,
Wentworth Institute of Technology,Wentworth Institute of Technology,168227,100.0,NO_PHD_PROGRAM,0,,IPEDS unitid=168227: No doctoral CS completions in any CS-family CIP code (2020-2024),,
Wesley College,Wesley College,131098,100.0,NO_PHD_PROGRAM,0,,IPEDS unitid=131098: No doctoral CS completions in any CS-family CIP code (2020-2024),,
Wesleyan College,Wesleyan College,141325,100.0,NO_PHD_PROGRAM,0,,IPEDS unitid=141325: No doctoral CS completions in any CS-family CIP code (2020-2024),,
Wesleyan University,Wesleyan University,130697,100.0,NO_PHD_PROGRAM,0,,IPEDS unitid=130697: No doctoral CS completions in any CS-family CIP code (2020-2024),,
West Coast University,West Coast University-Center for Graduate Studies,489858,100.0,NO_PHD_PROGRAM,0,,IPEDS unitid=489858: No doctoral CS completions in any CS-family CIP code (2020-2024),,
West Chester University of Pennsylvania,West Chester University of Pennsylvania,216764,100.0,NO_PHD_PROGRAM,0,,IPEDS unitid=216764: No doctoral CS completions in any CS-family CIP code (2020-2024),,
West Liberty State College,Bay State College,164641,93.8,NO_PHD_PROGRAM,0,,IPEDS unitid=164641: No doctoral CS completions in any CS-family CIP code (2020-2024),,
West Texas A&M University,East Texas A&M University,224554,98.0,NO_PHD_PROGRAM,0,,IPEDS unitid=224554: No doctoral CS completions in any CS-family CIP code (2020-2024),,
West Virginia State University,West Virginia State University,237899,100.0,NO_PHD_PROGRAM,0,,IPEDS unitid=237899: No doctoral CS completions in any CS-family CIP code (2020-2024),,
West Virginia University,West Virginia University,238032,100.0,CONFIRMED,19,11.0701 (11.0701): 19 PhDs,"IPEDS unitid=238032, CIP codes: 11.0701",,
West Virginia University Parkersburg,West Virginia University,238032,100.0,CONFIRMED,19,11.0701 (11.0701): 19 PhDs,"IPEDS unitid=238032, CIP codes: 11.0701",,
West Virginia Wesleyan College,West Virginia Wesleyan College,237969,100.0,NO_PHD_PROGRAM,0,,IPEDS unitid=237969: No doctoral CS completions in any CS-family CIP code (2020-2024),,
Western Baptist College,Southeastern Baptist College,176336,95.7,NO_PHD_PROGRAM,0,,IPEDS unitid=176336: No doctoral CS completions in any CS-family CIP code (2020-2024),,
Western Carolina University,Western Carolina University,200004,100.0,NO_PHD_PROGRAM,0,,IPEDS unitid=200004: No doctoral CS completions in any CS-family CIP code (2020-2024),,
Western Connecticut State University,Western Connecticut State University,130776,100.0,NO_PHD_PROGRAM,0,,IPEDS unitid=130776: No doctoral CS completions in any CS-family CIP code (2020-2024),,
Western Governors University,Western Governors University,433387,100.0,NO_PHD_PROGRAM,0,,IPEDS unitid=433387: No doctoral CS completions in any CS-family CIP code (2020-2024),,
Western Illinois University,Western Illinois University,149772,100.0,NO_PHD_PROGRAM,0,,IPEDS unitid=149772: No doctoral CS completions in any CS-family CIP code (2020-2024),,
Western International University,Western International University,106102,100.0,NO_PHD_PROGRAM,0,,IPEDS unitid=106102: No doctoral CS completions in any CS-family CIP code (2020-2024),,
Western Kentucky University,Western Kentucky University,157951,100.0,NO_PHD_PROGRAM,0,,IPEDS unitid=157951: No doctoral CS completions in any CS-family CIP code (2020-2024),,
Western Maryland College,NO MATCH FOUND,,0,NEEDS_REVIEW,0,,No confident match found in IPEDS directory,,
Western Michigan University,Western Michigan University,172699,100.0,CONFIRMED,20,11.0701 (11.0701): 20 PhDs,"IPEDS unitid=172699, CIP codes: 11.0701",,
Western Montana College,ATA College,449728,90.9,NO_PHD_PROGRAM,0,,IPEDS unitid=449728: No doctoral CS completions in any CS-family CIP code (2020-2024),,
Western New England College,New England College,182980,100.0,NO_PHD_PROGRAM,0,,IPEDS unitid=182980: No doctoral CS completions in any CS-family CIP code (2020-2024),,
Western New Mexico University,Western New Mexico University,188304,100.0,NO_PHD_PROGRAM,0,,IPEDS unitid=188304: No doctoral CS completions in any CS-family CIP code (2020-2024),,
Western Oregon University,Western Oregon University,210429,100.0,NO_PHD_PROGRAM,0,,IPEDS unitid=210429: No doctoral CS completions in any CS-family CIP code (2020-2024),,
Western State College,Western State College of Law at Argosy University,126030,100.0,NO_PHD_PROGRAM,0,,IPEDS unitid=126030: No doctoral CS completions in any CS-family CIP code (2020-2024),,
Western State University College of Law,NO MATCH FOUND,,0,NEEDS_REVIEW,0,,No confident match found in IPEDS directory,,
Western States Chiropractic College,NO MATCH FOUND,,0,NEEDS_REVIEW,0,,No confident match found in IPEDS directory,,
Western University of Health Sciences,Western University of Health Sciences,112525,100.0,NO_PHD_PROGRAM,0,,IPEDS unitid=112525: No doctoral CS completions in any CS-family CIP code (2020-2024),,
Western Washington University,Western Washington University,237011,100.0,NO_PHD_PROGRAM,0,,IPEDS unitid=237011: No doctoral CS completions in any CS-family CIP code (2020-2024),,
Westfield State College,Westfield State University,168263,100.0,NO_PHD_VIA_RENAME,0,,Renamed match via pattern 'College->University': IPEDS unitid=168263,College->University,
"Westminster College, Fulton Missouri",Westminster College,179946,100.0,NO_PHD_PROGRAM,0,,IPEDS unitid=179946: No doctoral CS completions in any CS-family CIP code (2020-2024),,
"Westminster College, New Wilmington Pennsylvania",Westminster College,179946,100.0,NO_PHD_PROGRAM,0,,IPEDS unitid=179946: No doctoral CS completions in any CS-family CIP code (2020-2024),,
"Westminster College, Salt Lake City",Westminster College,179946,100.0,NO_PHD_PROGRAM,0,,IPEDS unitid=179946: No doctoral CS completions in any CS-family CIP code (2020-2024),,
Westminster Theological Seminary,Westminster Theological Seminary,216816,100.0,NO_PHD_PROGRAM,0,,IPEDS unitid=216816: No doctoral CS completions in any CS-family CIP code (2020-2024),,
Westminster Theological Seminary in California,Westminster Theological Seminary in California,125718,100.0,NO_PHD_PROGRAM,0,,IPEDS unitid=125718: No doctoral CS completions in any CS-family CIP code (2020-2024),,
Westmont College,Westmont College,125727,100.0,NO_PHD_PROGRAM,0,,IPEDS unitid=125727: No doctoral CS completions in any CS-family CIP code (2020-2024),,
Westwood College — California,NO MATCH FOUND,,0,NEEDS_REVIEW,0,,No confident match found in IPEDS directory,,
Westwood College — Colorado,NO MATCH FOUND,,0,NEEDS_REVIEW,0,,No confident match found in IPEDS directory,,
Westwood College — Georgia,NO MATCH FOUND,,0,NEEDS_REVIEW,0,,No confident match found in IPEDS directory,,
Westwood College — Illinois,NO MATCH FOUND,,0,NEEDS_REVIEW,0,,No confident match found in IPEDS directory,,
Westwood College — Texas,NO MATCH FOUND,,0,NEEDS_REVIEW,0,,No confident match found in IPEDS directory,,
Westwood College — Virginia,NO MATCH FOUND,,0,NEEDS_REVIEW,0,,No confident match found in IPEDS directory,,
Westwood College of Technology,NO MATCH FOUND,,0,NEEDS_REVIEW,0,,No confident match found in IPEDS directory,,
"Wheaton College, Wheaton Illinois",Wheaton College,149781,100.0,NO_PHD_PROGRAM,0,,IPEDS unitid=149781: No doctoral CS completions in any CS-family CIP code (2020-2024),,
"Wheaton College, Massachusetts",Wheaton College,149781,100.0,NO_PHD_PROGRAM,0,,IPEDS unitid=149781: No doctoral CS completions in any CS-family CIP code (2020-2024),,
Wheeling Jesuit University,Wheeling University,238078,100.0,NO_PHD_VIA_WEB_RESOLVE,0,,Web-resolved: Wheeling Jesuit University -> Wheeling University (renamed 2019) -> IPEDS unitid=238078,,Wheeling Jesuit University -> Wheeling University (renamed 2019)
Wheelock College,Wheelock College,168290,100.0,NO_PHD_PROGRAM,0,,IPEDS unitid=168290: No doctoral CS completions in any CS-family CIP code (2020-2024),,
Whitman College,Whitman College,237057,100.0,NO_PHD_PROGRAM,0,,IPEDS unitid=237057: No doctoral CS completions in any CS-family CIP code (2020-2024),,
Whittier College,Whittier College,125763,100.0,NO_PHD_PROGRAM,0,,IPEDS unitid=125763: No doctoral CS completions in any CS-family CIP code (2020-2024),,
Whitworth University,Whitworth University,237066,100.0,NO_PHD_PROGRAM,0,,IPEDS unitid=237066: No doctoral CS completions in any CS-family CIP code (2020-2024),,
Wichita State University,Wichita State University,156125,100.0,NO_PHD_PROGRAM,0,,IPEDS unitid=156125: No doctoral CS completions in any CS-family CIP code (2020-2024),,
Widener University,Widener University,216852,100.0,NO_PHD_PROGRAM,0,,IPEDS unitid=216852: No doctoral CS completions in any CS-family CIP code (2020-2024),,
Wilberforce University,Wilberforce University,206491,100.0,NO_PHD_PROGRAM,0,,IPEDS unitid=206491: No doctoral CS completions in any CS-family CIP code (2020-2024),,
Wilkes University,Wilkes University,216931,100.0,NO_PHD_PROGRAM,0,,IPEDS unitid=216931: No doctoral CS completions in any CS-family CIP code (2020-2024),,
Willamette University,Willamette University,210401,100.0,NO_PHD_PROGRAM,0,,IPEDS unitid=210401: No doctoral CS completions in any CS-family CIP code (2020-2024),,
William Carey International University,National University,119605,100.0,NO_PHD_PROGRAM,0,,IPEDS unitid=119605: No doctoral CS completions in any CS-family CIP code (2020-2024),,
William Howard Taft University,NO MATCH FOUND,,0,NEEDS_REVIEW,0,,No confident match found in IPEDS directory,,
William Jessup University,William Jessup University,122728,100.0,NO_PHD_PROGRAM,0,,IPEDS unitid=122728: No doctoral CS completions in any CS-family CIP code (2020-2024),,
William Jewell College,William Jewell College,179955,100.0,NO_PHD_PROGRAM,0,,IPEDS unitid=179955: No doctoral CS completions in any CS-family CIP code (2020-2024),,
William Mitchell College of Law,Mitchell College,129774,100.0,NO_PHD_PROGRAM,0,,IPEDS unitid=129774: No doctoral CS completions in any CS-family CIP code (2020-2024),,
William Paterson University,William Paterson University of New Jersey,187444,100.0,NO_PHD_PROGRAM,0,,IPEDS unitid=187444: No doctoral CS completions in any CS-family CIP code (2020-2024),,
William Penn College,William Penn University,154590,100.0,NO_PHD_VIA_RENAME,0,,Renamed match via pattern 'College->University': IPEDS unitid=154590,College->University,
William Woods University,William Woods University,179964,100.0,NO_PHD_PROGRAM,0,,IPEDS unitid=179964: No doctoral CS completions in any CS-family CIP code (2020-2024),,
Williams Baptist College,Williams Baptist University,107877,100.0,NO_PHD_VIA_RENAME,0,,Renamed match via pattern 'College->University': IPEDS unitid=107877,College->University,
William Carey University,William Carey University,176479,100.0,NO_PHD_PROGRAM,0,,IPEDS unitid=176479: No doctoral CS completions in any CS-family CIP code (2020-2024),,
Williams College,Williams College,168342,100.0,NO_PHD_PROGRAM,0,,IPEDS unitid=168342: No doctoral CS completions in any CS-family CIP code (2020-2024),,
"Wilmington College, New Castle Delaware",Wilmington College,206507,100.0,NO_PHD_PROGRAM,0,,IPEDS unitid=206507: No doctoral CS completions in any CS-family CIP code (2020-2024),,
"Wilmington College, Wilmington Ohio",Wilmington College,206507,100.0,NO_PHD_PROGRAM,0,,IPEDS unitid=206507: No doctoral CS completions in any CS-family CIP code (2020-2024),,
Wilson College,Wilson College,217013,100.0,NO_PHD_PROGRAM,0,,IPEDS unitid=217013: No doctoral CS completions in any CS-family CIP code (2020-2024),,
Wingate University,Wingate University,199962,100.0,NO_PHD_PROGRAM,0,,IPEDS unitid=199962: No doctoral CS completions in any CS-family CIP code (2020-2024),,
Winston-Salem State University,Winston-Salem State University,199999,100.0,NO_PHD_PROGRAM,0,,IPEDS unitid=199999: No doctoral CS completions in any CS-family CIP code (2020-2024),,
Winona State University,Winona State University,175272,100.0,NO_PHD_PROGRAM,0,,IPEDS unitid=175272: No doctoral CS completions in any CS-family CIP code (2020-2024),,
Winthrop University,Winthrop University,218964,100.0,NO_PHD_PROGRAM,0,,IPEDS unitid=218964: No doctoral CS completions in any CS-family CIP code (2020-2024),,
Wisconsin Lutheran College,Wisconsin Lutheran College,240338,100.0,NO_PHD_PROGRAM,0,,IPEDS unitid=240338: No doctoral CS completions in any CS-family CIP code (2020-2024),,
Wittenberg University,Wittenberg University,206525,100.0,NO_PHD_PROGRAM,0,,IPEDS unitid=206525: No doctoral CS completions in any CS-family CIP code (2020-2024),,
Wofford College,Wofford College,218973,100.0,NO_PHD_PROGRAM,0,,IPEDS unitid=218973: No doctoral CS completions in any CS-family CIP code (2020-2024),,
Woodbury University,Woodbury University,125897,100.0,NO_PHD_PROGRAM,0,,IPEDS unitid=125897: No doctoral CS completions in any CS-family CIP code (2020-2024),,
Woods Hole Oceanographic Institution,NO MATCH FOUND,,0,NEEDS_REVIEW,0,,No confident match found in IPEDS directory,,
Worcester Polytechnic Institute,Worcester Polytechnic Institute,168421,100.0,CONFIRMED,28,11.0701 (11.0701): 28 PhDs,"IPEDS unitid=168421, CIP codes: 11.0701",,
Worcester State College,Worcester State University,168430,100.0,NO_PHD_VIA_RENAME,0,,Renamed match via pattern 'College->University': IPEDS unitid=168430,College->University,
Wright Institute,The Wright Institute,126012,100.0,NO_PHD_PROGRAM,0,,IPEDS unitid=126012: No doctoral CS completions in any CS-family CIP code (2020-2024),,
Wright State University,Wright State University-Main Campus,206604,100.0,CONFIRMED,36,14.0901 (14.0901): 36 PhDs,"IPEDS unitid=206604, CIP codes: 14.0901",,
"Xavier University, Cincinnati, OH",Xavier University,206622,100.0,NO_PHD_PROGRAM,0,,IPEDS unitid=206622: No doctoral CS completions in any CS-family CIP code (2020-2024),,
Xavier University of Louisiana,Xavier University of Louisiana,160904,100.0,NO_PHD_PROGRAM,0,,IPEDS unitid=160904: No doctoral CS completions in any CS-family CIP code (2020-2024),,
Yale University,Yale University,130794,100.0,CONFIRMED,35,11.0101 (11.0101): 35 PhDs,"IPEDS unitid=130794, CIP codes: 11.0101",,
Yeshiva University,Yeshiva University,197708,100.0,NO_PHD_PROGRAM,0,,IPEDS unitid=197708: No doctoral CS completions in any CS-family CIP code (2020-2024),,
"York College, York Nebraska",NO MATCH FOUND,,0,NEEDS_REVIEW,0,,No confident match found in IPEDS directory,,
York College of Pennsylvania,York College of Pennsylvania,217059,100.0,NO_PHD_PROGRAM,0,,IPEDS unitid=217059: No doctoral CS completions in any CS-family CIP code (2020-2024),,
Youngstown State University,Youngstown State University,206695,100.0,NO_PHD_PROGRAM,0,,IPEDS unitid=206695: No doctoral CS completions in any CS-family CIP code (2020-2024),,
Zion Bible Institute,NO MATCH FOUND,,0,NEEDS_REVIEW,0,,No confident match found in IPEDS directory,,
